タイムスタンプ,受講時期を教えてください,ご自身が履修された科目名を教えてください,教員名をフルネームで教えてください,開講学部を教えてください,開講学科を教えてください,この科目の総合評価を5段階で教えてください。,5段階でお答えください [単位の取得しやすさ],5段階でお答えください [高い評価の取得しやすさ],5段階でお答えください [面白さ],課題・小テストについて教えてください,上記で「なし」を選択しなかった方にお聞きします。課題・小テストの負担について教えてください。,試験について教えてください,上記で「なし」を選択しなかった方にお聞きします。試験の負担について教えてください。,出欠の有無について教えてください。,この科目の口コミやアドバイスを教えてください。成績や単位の取り方について何かアドバイスがあればぜひお教えください。,団体の方は発行したコードを入力してください(任意)。コードはhttps://crich-media.com/waseda/group-code/の履修情報入力ページから発行・確認できます。
,,,,,,,,,,,,,,,,
,,,,,,,,,,,,,,,,
,,,,,,,,,,,,,,,,
2022/02/06 22:38:50,秋学期,認知言語学入門,酒井智弘,文化構想学部,,4,2,2,5（易しい、面白い）,課題(問題演習や小レポートなど),きつい,ペーパーテスト,きつい,なし,試験が難しすぎるので、かなり前から対策が必要です。,
2022/02/06 22:40:54,春学期,心理学概論,金築優,社会科学部,,5,5（易しい、面白い）,5（易しい、面白い）,5（易しい、面白い）,"課題(問題演習や小レポートなど), リアクションペーパー",楽,期末レポート,楽,なし,120字程度のリアぺと1000字程度のレポートなので単位は余裕です。内容もちゃんと聞こうと思えば面白かったので受講して良かったです。,
2022/02/06 22:48:42,秋学期,複言語社会を作る,宮崎里司,グローバルエデュケーションセンター（GEC),,4,5（易しい、面白い）,4,4,課題(問題演習や小レポートなど),ふつう,なし,,あり,課題をしっかりやれば単位は来る！当てられた時に何かしらの発言することも大事,nsmvctb2
2022/02/06 22:50:35,秋学期,Introduction to Language Studies,近藤真理子、生井健一,国際教養学部,,5,5（易しい、面白い）,5（易しい、面白い）,4,小テスト,楽,オンラインテスト,ふつう,なし,小テストの前に軽く復習しておけば、問題ない,nsmvctb2
2022/02/06 22:52:08,秋学期,ヨガ,山内やよい,グローバルエデュケーションセンター（GEC),,5,4,4,4,なし,,なし,,あり,ちゃんと出席し、太陽礼拝が出来れば楽勝！先生が面白くて、楽しくヨガをやれる最高な授業,nsmvctb2
2022/02/06 22:56:09,秋学期,作文力をつける（スペイン語中上級),四宮瑞枝,文学部,,5,4,4,3,課題(問題演習や小レポートなど),ふつう,オンラインテスト,ふつう,あり,作文の課題を毎週きちんとやっとけば、大丈夫,nsmvctb2
2022/02/06 23:05:27,春学期,国際政治学,栗崎周平,政治経済学部,,5,3,3,3,課題(問題演習や小レポートなど),きつい,期末レポート,ふつう,なし,比較的楽です,1cb0h8a4
2022/02/06 23:24:30,秋学期,政治学原論B,金田耕一,文学部,,1,4,3,1（難しい、つまらない）,リアクションペーパー,楽,期末レポート,ふつう,なし,先生がひとりで政治観を語るだけの授業だった。政治学とは…？,1cb0h8a4
2022/02/06 23:28:43,秋学期,ミクロ経済学,チンロ,商学部,,5,5（易しい、面白い）,5（易しい、面白い）,2,小テスト,ふつう,なし,,なし,フルオンデマンド。動画視聴4割、各章ごとの小テスト6割で成績が決まる。,1cb0h8a4
2022/02/06 23:33:26,秋学期,都市論b,岡部遊志,商学部,,5,5（易しい、面白い）,5（易しい、面白い）,4,"課題(問題演習や小レポートなど), 小テスト",楽,期末レポート,楽,なし,"フルオンデマンド。
成績の4割を占める小テストは期間内であれば何度でも受験可能。
2割はレポート、もう2割は期末試験(事前に問題が提示されてレポート形式で提出)だがどちらも何か書いてあれば6割は付くのでやりさえすればまず単位は来る。授業もわかりやすく面白い。",1cb0h8a4
2022/02/06 23:40:05,その他（クォーター科目など）,素数の魅力と暗号理論,野口和範,グローバルエデュケーションセンター（GEC),,5,5（易しい、面白い）,5（易しい、面白い）,5（易しい、面白い）,なし,,オンラインテスト,楽,なし,RSA知ってれば楽単です,1cb0h8a4
2022/02/06 23:41:59,秋学期,中国語II 選択B 中級会話 (中国事情) 3,チンロ,商学部,,4,4,3,3,なし,,ペーパーテスト,ふつう,あり,"本文の音読練習と理解がメイン。ほかは基本的な文法問題と各章5分程度の単語暗記タイムがある(指名された人はピンインで読まれた単語の簡体字を書いたり語句の意味を答える)。
授業は基本的に明るい雰囲気。先生が優しい。欠席数がオーバーすると期末は受けられないが病欠や公欠には寛容。
試験は基本的に単語力が試されるので暗記あるのみ。ピンイン大事。",1cb0h8a4
2022/02/06 23:54:51,秋学期,ビジネス法入門,新井剛、和田宗久,商学部,,5,5（易しい、面白い）,4,3,なし,,ペーパーテスト,きつい,なし,オンデマンド配信の授業で、期末試験の前に全て見終われば出席扱いになる。しかし、複数のWebページで動画を一気に見ようとするとバレる可能性があるので注意。,1cb0h8a4
2022/02/07 0:53:45,秋学期,"Bioethics, Family and Law","Yokono, Megumu",社会科学部,社会学科,4,4,3,2,リアクションペーパー,,なし,,あり,一回のプレゼンテーションがあるのみと出席なのでプレゼンテーションに力を入れた方がいいです。あとは、ディスカッションに参加することです。とても負担が少ない授業です。,l3gxukyd
2022/02/07 0:57:21,秋学期,Food Security and Agricultural Policy,"Sunam, Ramesh Kumar",社会科学部,社会学科,5,3,3,3,リアクションペーパー,,なし,,あり,ディスカッションとファイナルエッセイで単位が決まるのでその二つを押さえておけば大丈夫です。教授も内容も面白いので飽きないような授業でした。,l3gxukyd
2022/02/07 1:02:32,秋学期,Global food security: demand and supply,"Gemma, Masahiko",社会科学部,,4,4,4,2,"課題(問題演習や小レポートなど), 小テスト",ふつう,オンラインテスト,,なし,オンデマンドなのでとても楽です。小テスト／課題が3回あるけど、そんなに難しくなりです。授業を聞いていれば多分解けるような問題です。時々スライドのどこからどこを見ればいいのかも記載されているので助かります。,l3gxukyd
2022/02/07 1:51:15,春学期,異文化受容と文学の変容,宮城徳也,文化構想学部,,5,4,4,4,"課題(問題演習や小レポートなど), 小テスト, リアクションペーパー",ふつう,期末レポート,ふつう,あり,レジュメがしっかりしているのでリアぺ等の内容に困ることはない。,nsmvctb2
2022/02/07 1:53:22,春学期,アメリカン・ミュージカル表現史,辻佐保子,文化構想学部,,5,4,4,4,"課題(問題演習や小レポートなど), リアクションペーパー",ふつう,オンラインテスト,ふつう,あり,ミュージカルに興味がある人にもない人にもおすすめ,nsmvctb2
2022/02/07 1:56:48,春学期,地中海文化概論,井上文則,文化構想学部,,5,4,4,4,なし,,期末レポート,ふつう,なし,"期末レポートを書いて出すだけ
内容は面白い　テルマエ・ロマエが好きな人はとるべき",nsmvctb2
2022/02/07 2:02:23,春学期,必修基礎演習,清水由紀,文化構想学部,,5,4,4,4,課題(問題演習や小レポートなど),ふつう,期末レポート,ふつう,あり,優しい先生がレポートの書き方などをとても丁寧に教えてくださる。真面目に受けていたら大学の学びの基礎が身につけられる。,nsmvctb2
2022/02/07 2:06:09,秋学期,スペイン語C,井垣あきら,社会科学部,社会科学科,4,2,2,3,"課題(問題演習や小レポートなど), 小テスト",,ペーパーテスト,,あり,出席して毎回の小テストをがんばれば単位は来ます！,1cb0h8a4
2022/02/07 3:57:17,秋学期,スペイン語step2ニ,若林大我,文学部,,1,1（難しい、つまらない）,3,1（難しい、つまらない）,"課題(問題演習や小レポートなど), 小テスト",きつい,オンラインテスト,きつい,あり,結構厳しい先生です、悪目立ちせず言われたことを言われたとおりにやるのが良いと思います。,1cb0h8a4
2022/02/07 9:07:17,秋学期,マーケティング論3,守口剛,商学部,,5,2,3,4,課題(問題演習や小レポートなど),,ペーパーテスト,,なし,マーケティングに興味が出ます,1cb0h8a4
2022/02/07 9:38:15,秋学期,アジア史概論,オムニバス,文化構想学部,,4,5（易しい、面白い）,3,3,リアクションペーパー,楽,期末レポート,ふつう,あり,動画見てリアクションペーパー書けば単位くるとおもいます,1cb0h8a4
2022/02/07 11:21:46,春学期,フランス語ロ1,カルトン・マルティヌ,文化構想学部,,5,4,4,4,課題(問題演習や小レポートなど),ふつう,なし,,あり,オンデマンド中心でzoomが月に多くて2度くらいある,nsmvctb2
2022/02/07 11:24:27,春学期,フランス語ニ,中原暁彦,文化構想学部,,5,4,4,4,なし,,期末レポート,楽,あり,"授業をしっかり受けていれば高評価！
レポートの内容は授業中に先生が発音したフランス語をディクテーションしたり教科書に載ってる問題を解くもの。レポートというよりは問題演習に近い",nsmvctb2
2022/02/07 11:25:42,春学期,フランス語イ,佐藤陽介,文化構想学部,,5,4,4,4,なし,,オンラインテスト,ふつう,あり,毎回の予習復習を怠らない方が良い,nsmvctb2
2022/02/07 11:27:52,春学期,フランス語ハ,佐藤陽介,文化構想学部,,5,4,4,4,なし,,オンラインテスト,ふつう,あり,"クラスの雰囲気は和やかで先生は優しい。
先生の奥様とお嬢様は度々、また一度だけお嬢様のお友達が登場した。",nsmvctb2
2022/02/07 11:32:13,春学期,必修EGC15,菅野素子,文化構想学部,,5,4,4,4,課題(問題演習や小レポートなど),ふつう,オンラインテスト,ふつう,あり,"当てられたらしっかりと答えるべき。英文法が間違っていても優しくフォローしてくださるので何かしら話そうという意志を見せるのが大切。英会話を大切になさっている先生。
課題は動画投稿(クラスの全員視聴可能)などもあり、慣れるまでは大変かもしれないが、基本的なことをコツコツ頑張れば高評価がいただける。全体的に良い授業。",nsmvctb2
2022/02/07 11:40:27,春学期,Academic  Skills(Writing) LsD,赤間勇雄,文化構想学部,,5,4,4,4,"課題(問題演習や小レポートなど), 小テスト, リアクションペーパー",ふつう,期末レポート,きつい,あり,YouTubeでの文章書き方レッスン&小テスト→自分で書く、の繰り返し　自分で書く回は少しきつい。期末にある集大成のものも参考文献を集めたりと本格的なので結構大変。しかし、身につくものはとても大きく、日本語のレポートにも役立つスキルなので、早いうちに一度受けておくと後々役立つ。　指示(アカデミックライティングをする上でのex. 名前や参考文献の位置など)通りに授業を受けていれば(文章を書ければ)高評価は難しくない。,nsmvctb2
2022/02/07 12:01:46,秋学期,English:Theme 62,小林　亜紀子先生,法学部,,5,5（易しい、面白い）,5（易しい、面白い）,5（易しい、面白い）,"課題(問題演習や小レポートなど), 小テスト, リアクションペーパー",楽,期末レポート,楽,あり,授業前までに事前課題を出して、毎週その答え合わせを授業で行う形式でした。映画を取り扱うクラスなので授業中に映画鑑賞もできて楽しいです。期末レポートも感想文みたいな感じで楽でした！,1cb0h8a4
2022/02/07 12:06:22,秋学期,English:Theme 10,下田 啓先生,法学部,,5,5（易しい、面白い）,5（易しい、面白い）,5（易しい、面白い）,"課題(問題演習や小レポートなど), 小テスト",ふつう,期末レポート,楽,なし,フルオンデマンドで2週に1回くらい課題が出されます。大体が音声を聞いてGoogleフォームの問に答える形式でした。音声のトピックは法律に関する感じで、易しすぎずちょうど良いと思います。中間テストと期末レポートがあります。中間テストはそれまでに取り扱ったトピックから問題が出されて、期末レポートは、海外の法律問題について取り上げるものでした。1000wordsなので楽です。,1cb0h8a4
2022/02/07 12:24:29,秋学期,ジェンダー・スタディーズⅡ,金井 景子,教育学部,,5,5（易しい、面白い）,5（易しい、面白い）,5（易しい、面白い）,課題(問題演習や小レポートなど),ふつう,期末レポート,ふつう,なし,面白いです！,1cb0h8a4
2022/02/07 12:32:03,秋学期,雇用関係法Ⅱ,鈴木俊晴,社会科学部,,4,5（易しい、面白い）,4,5（易しい、面白い）,小テスト,ふつう,ペーパーテスト,ふつう,あり,出席すれば単位くる,nsmvctb2
2022/02/07 17:41:59,秋学期,古典ローマ文学,宮城徳也,文学部,,5,5（易しい、面白い）,4,3,"小テスト, リアクションペーパー",楽,なし,楽,なし,"とても楽な授業です。
全てオンデマンドで行われ、毎授業毎に小テスト(答えを教えることになるので言えませんが、10問ほどあっても5秒で終わります)、リアペ(200字ほど)があります。期末レポがないので、本当に楽です",1cb0h8a4
2022/02/07 20:02:08,秋学期,CS2,ヨセフ　マイケル　カリーム,先進理工学部,,4,3,2,3,"課題(問題演習や小レポートなど), 小テスト",,オンラインテスト,,あり,ブレイクアウトルームは日本語です！,nsmvctb2
2022/02/07 20:03:50,秋学期,数学A1,小林克正,先進理工学部,,2,2,2,2,課題(問題演習や小レポートなど),,オンラインテスト,,なし,マスジャックスは必須です,nsmvctb2
2022/02/07 20:06:43,秋学期,数学B1,三枝崎剛,先進理工学部,,3,3,3,3,課題(問題演習や小レポートなど),,ペーパーテスト,,なし,毎回の課題をわすれずに,nsmvctb2
2022/02/07 20:08:25,秋学期,化学数学,小堀深　野田優,先進理工学部,,3,2,2,2,なし,,ペーパーテスト,,なし,テストは難しいです,nsmvctb2
2022/02/07 20:10:06,秋学期,化学工学,平沢泉　花田信子,先進理工学部,,3,3,2,3,課題(問題演習や小レポートなど),,ペーパーテスト,,なし,テストは難しかったです,nsmvctb2
2022/02/07 20:12:39,秋学期,基礎電磁気学,溝川貴司,先進理工学部,,4,4,4,4,小テスト,,期末レポート,,なし,レポートを頑張ろう！,nsmvctb2
2022/02/07 20:14:10,秋学期,理工学基礎実験ⅠB,オムニバス,先進理工学部,,5,4,4,4,なし,,なし,,あり,負担は大きいですが、テキストをよく読んでレポートを書きましょう,nsmvctb2
2022/02/07 20:15:18,秋学期,食文化論,森枝卓士,先進理工学部,,4,4,4,4,なし,,期末レポート,,なし,とても楽しい授業です,nsmvctb2
2022/02/07 20:19:22,秋学期,無機化学B,オムニバス,先進理工学部,,4,3,2,4,課題(問題演習や小レポートなど),,ペーパーテスト,,あり,メモをよくとるようにしましょう,nsmvctb2
2022/02/07 20:20:35,秋学期,有機化学基礎実験,オムニバス,先進理工学部,,5,4,4,4,なし,,ペーパーテスト,,あり,事前の予習をしっかりと行いましょう,nsmvctb2
2022/02/07 20:21:57,秋学期,無機化学基礎実験,オムニバス,先進理工学部,,5,4,4,4,なし,,ペーパーテスト,,あり,事前の予習をしっかりと行いましょう,nsmvctb2
2022/02/07 20:46:33,秋学期,ALC2,原田美穂,先進理工学部,,5,3,3,3,小テスト,,オンラインテスト,,あり,できるだけ積極的に話しましょう,nsmvctb2
2022/02/07 21:57:37,秋学期,分析化学A,オムニバス,先進理工学部,,4,3,3,3,課題(問題演習や小レポートなど),,ペーパーテスト,,あり,レジュメを大切に保管しましょう,nsmvctb2
2022/02/07 21:58:41,秋学期,応用化学基礎演習,オムニバス,先進理工学部,,4,3,3,3,なし,,ペーパーテスト,,なし,過去問を何度もときましょう,nsmvctb2
2022/02/07 22:01:36,秋学期,仏語初級ⅡA,床鍋剛彦,先進理工学部,,4,2,2,2,課題(問題演習や小レポートなど),,オンラインテスト,,なし,オンデマンドとありますが、ズームのリアルタイム授業はあります,nsmvctb2
2022/02/07 22:02:49,秋学期,仏語初級ⅡB,高橋久美,先進理工学部,,5,4,4,4,課題(問題演習や小レポートなど),,オンラインテスト,,あり,とても楽しい授業です,nsmvctb2
2022/02/07 22:05:03,春学期,CS1,ヨセフ　マイケル　カリーム,先進理工学部,,4,3,3,3,課題(問題演習や小レポートなど),,オンラインテスト,,あり,カメラは基本オフです,nsmvctb2
2022/02/07 22:07:05,春学期,ALC1,原田美穂,先進理工学部,,4,3,3,3,課題(問題演習や小レポートなど),,オンラインテスト,,あり,ノートは汚くてOK,nsmvctb2
2022/02/07 22:10:09,春学期,力学C,わすれてしまいました,先進理工学部,応用化学科,4,3,4,4,課題(問題演習や小レポートなど),,オンラインテスト,,なし,オンデマンドはためないように,nsmvctb2
2022/02/07 22:11:19,春学期,応用化学入門,オムニバス,先進理工学部,,4,3,3,3,課題(問題演習や小レポートなど),,ペーパーテスト,,あり,一番わかりやすい授業です。,nsmvctb2
2022/02/07 22:12:47,春学期,ミクロ経済学入門,田中久稔,政治経済学部,,5,4,5（易しい、面白い）,5（易しい、面白い）,小テスト,ふつう,ペーパーテスト,ふつう,なし,政経1年の必修。田中先生の出す演習問題集を一通り解いていけば期末試験は解ける多分Aはとれる。授業もわかりやすく面白い。,1cb0h8a4
2022/02/07 22:13:13,春学期,理工学基礎実験ⅠA,オムニバス,先進理工学部,,4,3,4,4,なし,,なし,,あり,考察は深く,nsmvctb2
2022/02/07 22:15:44,秋学期,仏語初級ⅠB,綾部さん,先進理工学部,,4,4,4,4,課題(問題演習や小レポートなど),,オンラインテスト,,あり,先生の話をよくきこう,nsmvctb2
2022/02/07 22:16:57,秋学期,仏語初級ⅠA,高橋久美,先進理工学部,,5,4,4,4,課題(問題演習や小レポートなど),,オンラインテスト,,あり,テスト対策は授業のプリントを,nsmvctb2
2022/02/07 22:41:18,秋学期,English Theme52,中澤はるみ,法学部,,4,3,3,3,課題(問題演習や小レポートなど),ふつう,オンラインテスト,ふつう,あり,ビートルズが好きな人にオススメ,ol4f96sa
2022/02/07 22:44:26,秋学期,English Theme 55,加藤順子,法学部,,4,3,3,3,課題(問題演習や小レポートなど),ふつう,ペーパーテスト,ふつう,あり,試験は頑張った方が良い,ol4f96sa
2022/02/07 22:46:20,秋学期,刑法Ⅱ(刑法各論)C,田山聡美,法学部,,3,3,3,3,"課題(問題演習や小レポートなど), リアクションペーパー",ふつう,オンラインテスト,ふつう,あり,オンラインだと出席点を考慮してくれる,ol4f96sa
2022/02/07 22:46:29,秋学期,演習Ⅰ,松本泰介,スポーツ科学部,,5,5（易しい、面白い）,5（易しい、面白い）,5（易しい、面白い）,課題(問題演習や小レポートなど),ふつう,なし,,あり,なし,
2022/02/07 22:58:05,秋学期,アメリカンミュージカルと語り/騙りの文化史,辻佐保子,文化構想学部,,5,3,2,4,"課題(問題演習や小レポートなど), リアクションペーパー",ふつう,期末レポート,ふつう,あり,アメリカンミュージカルが好きな人には楽しくてレポートも書きやすい授業だと思われる。,ol4f96sa
2022/02/07 23:05:14,秋学期,ミクロ経済学B02,荒木一法,政治経済学部,,4,4,3,3,"課題(問題演習や小レポートなど), 小テスト",ふつう,ペーパーテスト,ふつう,あり,提出課題4回をきちんと取り組む。期末はその数値替え問題がほとんどだからきちんと復習していればそんなに難しくはないはず,ol4f96sa
2022/02/07 23:09:36,秋学期,English Language Course (News English)07,宮崎修二,政治経済学部,,4,5（易しい、面白い）,4,3,課題(問題演習や小レポートなど),楽,ペーパーテスト,楽,あり,教科書をただ進めるだけ。補足プリントもたくさんあるが、中間、期末の前にまとめたプリントを配ってくれるので、まあなんとかなる,ol4f96sa
2022/02/07 23:11:32,秋学期,宗教研究Ⅰ01,鈴木昇司,教育学部,,2,2,2,2,リアクションペーパー,楽,期末レポート,きつい,なし,最後の期末レポートが大変。いろいろアドバイスめいたことは言うもののそもそもネタが見つからねえってんだよ。,ol4f96sa
2022/02/07 23:36:43,秋学期,行政学ⅡB,藤井浩司,法学部,,3,4,3,3,課題(問題演習や小レポートなど),ふつう,なし,,なし,ちゃんと聞けば面白そう,ol4f96sa
2022/02/07 23:38:43,秋学期,医事刑法,甲斐克則,法学部,,4,4,3,4,課題(問題演習や小レポートなど),きつい,なし,,あり,出席は動画視聴,ol4f96sa
2022/02/07 23:39:07,秋学期,形で学ぶ剣道,吉村哲夫,グローバルエデュケーションセンター（GEC),,4,4,3,5（易しい、面白い）,リアクションペーパー,楽,なし,,あり,剣道の形を防具無しでジャージで学べる、初心者にも優しく一から教えてもらえて楽しめました,ol4f96sa
2022/02/07 23:42:01,秋学期,刑法Ⅱ(刑法各論)C,田山聡美,法学部,,4,4,3,4,なし,,オンラインテスト,ふつう,あり,試験は中間期末の2回,ol4f96sa
2022/02/07 23:42:51,秋学期,コンピューター入門B,高橋尚子,教育学部,,5,5（易しい、面白い）,3,3,課題(問題演習や小レポートなど),ふつう,オンラインテスト,ふつう,あり,先生がZoom上でリアクションすると手振ってくれてかわいい、課題も毎回欠かさずしっかりやれば単位は固いし最低限必要な事を確認できるから実用性もバッチリ。,ol4f96sa
2022/02/07 23:46:39,秋学期,英語初級コンプリヘンション(時事)2,藤田由季実,教育学部,,3,4,3,3,課題(問題演習や小レポートなど),ふつう,なし,,あり,テキストで予習をしてオンデマンドで解説を見て課題を出すという鉄板の流れを忘れなければ大丈夫それに耐えることが出来れば,ol4f96sa
2022/02/08 9:58:49,秋学期,宗教研究ⅠB,鈴木昇司,教育学部,,4,3,3,4,リアクションペーパー,ふつう,期末レポート,きつい,あり,"期末課題として課される論述は、テーマ設定の独自性や論述の書き方を正しく守っているかなど、様々なことを高いレベルで求められます。ただ字数が1,200字と少なめで、かつ事前添削を行っていただけるのであまり怖がらなくていいです。（先生は初回の授業でこの授業の論述は負担が大きいから、忙しい人は授業の履修を取り消した方がいいとおっしゃっていましたが、大丈夫だと思います。）",ol4f96sa
2022/02/08 10:03:33,秋学期,現代中欧世界とその歴史,森元孝,文化構想学部,,3,3,2,3,"小テスト, リアクションペーパー",ふつう,期末レポート,きつい,あり,社会学の上級者向けの講義内容と感じました。難しいです。レビューシートは毎回提出することができますが、中身のないことを書いて出しても点になりません。そんなものは必要ないと先生からメールが来ます。「ウィーン」に興味のある人にはお勧めです。,ol4f96sa
2022/02/08 10:06:47,秋学期,社会学（教職）B,鈴木無二,教育学部,,4,5（易しい、面白い）,4,3,小テスト,楽,オンラインテスト,ふつう,あり,先生とのリアルタイムのやり取りは全くありません。授業が設定されている日のみコンテンツの視聴が可能になり、その日のうちにオンデマンド講義を見終えて小テストをする必要がありますが、大変ではないです。,ol4f96sa
2022/02/08 11:36:18,秋学期,債権総論II C,鎌野邦樹,法学部,,5,4,4,4,なし,,オンラインテスト,,なし,基本を理解できていれば大丈夫,
2022/02/08 11:38:11,春学期,現代家族と法,オムニバス,法学部,,5,5（易しい、面白い）,5（易しい、面白い）,5（易しい、面白い）,課題(問題演習や小レポートなど),楽,オンラインテスト,,あり,"毎回の出席と課題をやれば大体大丈夫
試験も授業内容をしっかりと復習すれば大丈夫",
2022/02/08 11:39:15,秋学期,現代家族と法II,オムニバス,法学部,,4,4,4,3,課題(問題演習や小レポートなど),楽,ペーパーテスト,ふつう,あり,とにかく毎回の出席と課題をしっかりとやること,
2022/02/08 15:44:27,秋学期,ファシリテーションとボランティア,由井一成,グローバルエデュケーションセンター（GEC),,5,5（易しい、面白い）,5（易しい、面白い）,5（易しい、面白い）,リアクションペーパー,,なし,,なし,和気藹々とした雰囲気の授業。リアクションペーパーを出しておけば単位は取れる。,sd09ziln
2022/02/08 15:46:16,春学期,アジアにおける人間の安全保障,オムニバス,文化構想学部,,5,4,3,5（易しい、面白い）,課題(問題演習や小レポートなど),ふつう,なし,,あり,世界の前線で活躍する方々のお話を聞ける貴重な授業。,sd09ziln
2022/02/08 16:43:36,秋学期,スポーツビジネス論　プロスポーツ,町田光,スポーツ科学部,,4,5（易しい、面白い）,5（易しい、面白い）,5（易しい、面白い）,"課題(問題演習や小レポートなど), リアクションペーパー",楽,期末レポート,ふつう,あり,深い,sd09ziln
2022/02/08 17:18:07,秋学期,コミュニティスポーツ論,作野誠一,スポーツ科学部,スポーツビジネスコース,5,5（易しい、面白い）,5（易しい、面白い）,5（易しい、面白い）,"課題(問題演習や小レポートなど), リアクションペーパー",ふつう,オンラインテスト,楽,あり,"事前に配布される穴埋め資料をしっかり埋めておけばテストは大丈夫です！
中間レポートは必ず出しましょう。",sd09zlin
2022/02/08 18:05:48,秋学期,行動の科学2-2_【文学・文構_合併】,田中　雅史,文化構想学部,,5,4,4,4,小テスト,,なし,,あり,動画をちゃんと見て、ちゃんと小テストに答える。それだけ。,
2022/02/08 20:05:25,秋学期,行動の科学,田中　雅史,文学部,,5,5（易しい、面白い）,1（難しい、つまらない）,5（易しい、面白い）,小テスト,楽,なし,,なし,毎回送られてくる授業のレジュメを見て小テストを受けるだけで単位がくる。,sd09ziln
2022/02/08 20:07:06,秋学期,オペラ論,村井翔,文学部,,5,5（易しい、面白い）,1（難しい、つまらない）,5（易しい、面白い）,なし,,期末レポート,楽,なし,出欠も取らず、最後にレポートを少し書くだけで単位がきます。,sd09ziln
2022/02/08 20:51:56,秋学期,比較政治学,久保慶一,政治経済学部,,4,3,3,3,"課題(問題演習や小レポートなど), リアクションペーパー",きつい,ペーパーテスト,きつい,なし,とにかく毎週のレポートを提出すること。真面目にやらないと単位は取れない。,hqsm0d75
2022/02/08 21:05:56,秋学期,人文地理学Ⅱ,箸本健二,教育学部,社会科,5,1（難しい、つまらない）,1（難しい、つまらない）,4,なし,,ペーパーテスト,きつい,なし,教授の説明が分かりやすく小噺が多いので、授業は非常に面白い。しかし期末試験の難易度は鬼畜で、落単する者が後をたたない。,
2022/02/08 21:09:33,秋学期,歴史学概論Ⅱ,堀越宏一,教育学部,社会科,3,2,2,3,小テスト,楽,オンラインテスト,ふつう,なし,授業はパワーポイントが使われるが、いかんせん資料が多く大変。しかも教授は淡々と話すので眠くなる。,
2022/02/08 21:46:40,秋学期,卓球基礎15,川田雄二,グローバルエデュケーションセンター（GEC),,5,5（易しい、面白い）,5（易しい、面白い）,3,なし,,なし,,あり,授業を通して、知り合いが増える。「教職で実技必要だけど運動苦手だな～」というがり勉君にも優しい種目。,nicet23y
2022/02/08 21:49:11,秋学期,東洋思想と宗教,西沢　史仁,教育学部,,3,3,3,2,リアクションペーパー,ふつう,オンラインテスト,ふつう,あり,仏教について知りたい！哲学したい！仏教好き！な人は楽しめると思う。,nicet23y
2022/02/08 21:52:34,秋学期,生活の化学,井出裕介,教育学部,,3,3,3,1（難しい、つまらない）,課題(問題演習や小レポートなど),きつい,期末レポート,ふつう,あり,期末レポートについて最初にちらっと触れるだけで、あとは何も連絡がない。しかも、レポート期限が第14回講義内で第15回は予備日のため、要注意。,nicet23y
2022/02/08 21:54:53,秋学期,英語中級コミュニケーション2J,矢野磯乃,教育学部,,3,5（易しい、面白い）,3,1（難しい、つまらない）,小テスト,楽,なし,,あり,英語の授業なのに日本語OK。しかし、たまに生徒に英語の化物がいる。,nicet23y
2022/02/08 21:59:32,秋学期,日本文学史II（中世）,大津雄二/田渕句美子,教育学部,国語国文学科,4,3,3,4,リアクションペーパー,楽,期末レポート,ふつう,あり,和歌はマジでつまらない。でも先生は和歌研究の中では結構すごい人らしい。見た目話し方共におば様という感じだった（本人がこれを読んでいないことを祈る）。大津教授の講義は構造主義で文学を分析するものであり、興味深かった。,nicet23y
2022/02/08 22:02:20,秋学期,情報科学の基礎　1101＿PC・ネットワークを使う,岡田昭夫,グローバルエデュケーションセンター（GEC),,5,5（易しい、面白い）,3,5（易しい、面白い）,リアクションペーパー,楽,期末レポート,ふつう,あり,いわずと知れた人気講師（であるらしい）岡田昭夫教授の授業だからおもしろかった。でも今年でこの授業はなくなるらしい。ドンマイ,nicet23y
2022/02/08 22:04:29,通年,中国語のコミュニケーションの基礎　C,朱全安,教育学部,,4,3,3,2,課題(問題演習や小レポートなど),ふつう,オンラインテスト,ふつう,あり,優しい先生。そんなにきつくない外ニの授業。,nicet23y
2022/02/08 22:07:27,秋学期,政治学IV（欧州統合と市民）,白鳥浩,教育学部,,4,3,3,5（易しい、面白い）,なし,,オンラインテスト,ふつう,あり,ヨーロッパを欧州概念地図で構造的に分析する。その概念地図をアジアに対応させるとどうなるか等、政治学とか歴史とか好きな人にはおすすめ。,nicet23y
2022/02/08 22:13:20,秋学期,日本文学基礎演習I G,米田有里,教育学部,国語国文学科,3,3,3,1（難しい、つまらない）,なし,,オンラインテスト,きつい,あり,和歌はマジでつまらない。半年間和歌の講義に耐えてきたが、結局和歌研究って今のラップを研究しているようなもんじゃねってことを思った。いや、これはまだ和歌が何たるか和歌（わか）ってない。,nicet23y
2022/02/08 22:15:57,秋学期,教職概論（中・高）H0001,羽入田眞一,教育学部,,4,3,3,4,リアクションペーパー,楽,期末レポート,楽,なし,羽入田先生の授業は楽。しかも将来教員になる者にはためになる。,nicet23y
2022/02/08 22:23:46,春学期,憲法ⅠB,中島徹,法学部,,3,3,1（難しい、つまらない）,4,なし,,ペーパーテスト,,なし,試験は求められている論点をおさえた論述をしましょう。それについて論じていけばなんだかんだ成績がとれます。,sd09ziln
2022/02/08 22:26:35,秋学期,芸術論ⅠE,谷昌親,法学部,,4,4,3,3,"課題(問題演習や小レポートなど), リアクションペーパー",ふつう,期末レポート,ふつう,あり,皆がたぶん詳しくない芸術の鑑賞方法を知ることができる。それだけで受講する意味がある。それでも正直言ってることがわからない。,sd09ziln
2022/02/09 11:38:50,秋学期,西語中級,石田知恵,法学部,,2,3,3,2,課題(問題演習や小レポートなど),,ペーパーテスト,きつい,あり,ちゃんとやれば単位はくる。ちゃんとやるのが大変。和訳を授業中にちゃんとメモって、適度に自分が作った和訳を発表して、テスト前にちゃんと覚えていけば大丈夫。法学部にはキツイってばよ…,qr0wpkad
2022/02/09 12:53:02,秋学期,複合文化論系演習(アートコミュニケーション),宮崎薫,文化構想学部,複合文化論系,4,5（易しい、面白い）,4,4,"課題(問題演習や小レポートなど), リアクションペーパー",楽,なし,,あり,基本的には真面目に受けて作品を制作すればOK。コメントカードや課題をうっかり忘れても救済措置がある。,qr0wpkad
2022/02/09 13:54:44,秋学期,文学の近代,石原千秋,教育学部,,5,3,3,5（易しい、面白い）,なし,,ペーパーテスト,きつい,なし,授業態度に厳しいです。,qr0wpkad
2022/02/09 13:57:37,秋学期,中国文学基礎演習ⅡB,佐藤浩一,教育学部,国語国文学科,2,2,2,2,"課題(問題演習や小レポートなど), リアクションペーパー",ふつう,期末レポート,きつい,あり,グループの協力が必須です。,qr0wpkad
2022/02/09 15:29:50,春学期,商法 I（会社法） Ａ,大塚英明,法学部,,4,5（易しい、面白い）,4,4,なし,,オンラインテスト,ふつう,なし,「猿でもわかる会社法」で有名。授業はわかりやすいがやや冗長なのがしんどい。教科書を読めば大体理解できるが、たまに教科書に書いてないことが試験に出たりする。結局、授業を倍速で無心で聞くか、友達と協力するのが一番。単位は受ければ多分来る。,qr0wpkad
2022/02/09 15:40:53,春学期,犯罪学Ⅱ,河合幹雄,法学部,,5,5（易しい、面白い）,5（易しい、面白い）,4,小テスト,楽,期末レポート,楽,なし,30分弱のオンデマンド動画と60分弱のZoomの2本立て。たまに期間付きGoogleフォームでの小テストがあります。小テストは動画の範囲から出るので、小テストが発表されてから動画だけ見ればOK！レポート？読んで出せばOK！適当でもAは固いです。,qr0wpkad
2022/02/09 15:48:37,春学期,民法Ⅱ(債権総論Ⅰ)C,後藤巻則,法学部,,2,3,1（難しい、つまらない）,2,なし,,オンラインテスト,きつい,なし,あだ名は「ゴマキ」。まず先生はオンラインに弱い。読みづらいレジュメと眠くなる授業。しんどい。「当てられたくない人は挙手してください！」という謎制度があり、挙手していない学生は指名されるため、腹筋が鍛えられる。たんいをとりたいならこつこつべんきょうしましょう。,qr0wpkad
2022/02/09 17:41:04,春学期,国際法ⅠA,萬歳寛之,法学部,,5,5（易しい、面白い）,5（易しい、面白い）,5（易しい、面白い）,なし,,オンラインテスト,楽,あり,サイコーー！！！！！試験問題は事前に発表された4題の中から2題が出題され、そのうち1題を選ぶ方式。法サーに入ってる友達からもかいを入手して自分なりにアレンジすれば勝ちですよ、勝ち。ちなみに授業も面白くて分かりやすくて短い。尊敬する先輩も楽な法律選択科目ランキング1位に入れてた。とりあえず取っとけ。対象年齢2年以上だけど。,qr0wpkad
2022/02/09 18:23:06,春学期,商法Ⅰ（会社法）A,大塚　英明,法学部,,3,4,2,2,なし,,オンラインテスト,,なし,サルでも分かる会社法がコンセプト。しかし、チンパンジーでも分からない大塚ワールドの言葉が時々飛び出す。一見簡単に見えるガバナンスよりも難しいファイナンスの方が高評価につながる。,qr0wpkad
2022/02/09 18:28:02,春学期,English: Theme １１（春）,長谷川　秀子,法学部,,5,5（易しい、面白い）,5（易しい、面白い）,4,課題(問題演習や小レポートなど),楽,なし,,あり,日本の文化を英語で読んでいく。馴染みある日本の話だから文章は読みやすい。グループワークが多く、発言量が重要であるが、話すことが苦手でもついて行くことはできるため、安心して受講できる。,qr0wpkad
2022/02/09 20:04:17,春学期,観光文化論,内藤順子,創造理工学部,,5,5（易しい、面白い）,5（易しい、面白い）,5（易しい、面白い）,リアクションペーパー,楽,期末レポート,楽,なし,授業一回も出席しなくても期末レポート出したらAが来た。期末レポートも3時間くらいで終わる。毎週のリアクションペーパーは1.2行で大丈夫。,9vi8ujfm
2022/02/09 20:27:38,春学期,民事訴訟法ⅠA,棚橋洋平,法学部,,5,5（易しい、面白い）,4,4,課題(問題演習や小レポートなど),楽,オンラインテスト,ふつう,なし,全体的に良心的。中間レポート（軽め）で点数をくれるし、レジュメがとにかく神。動画内で試験に出るようなところはしっかり教えてくれる。さらには演習問題まで扱ってくれる。あと先生が眼鏡イケメンなので、正直嫁にして欲しい。,qr0wpkad
2022/02/09 20:38:36,春学期,外国法総論(英米法Ⅰ)B,宮川成雄,法学部,,4,5（易しい、面白い）,4,2,なし,,オンラインテスト,楽,なし,なぜかZoomの最初5分間だけ顔出しを求めてくる。そのせいか受講者の減りが著しい。基本的に話も冗長だし、レジュメも何が言いたいのかわからないが多分基礎法科目の中ではあたり。(話が冗長なので)範囲は広くないし、過去問を使い回す傾向にあるので、傾向と対策を練れば単位が降ってくる。解いた過去問の答案はワンチャン今年の試験に使いまわせるからとっときな？,qr0wpkad
2022/02/09 20:48:33,春学期,English theme 57,森本美樹,法学部,,5,5（易しい、面白い）,3,3,課題(問題演習や小レポートなど),楽,期末レポート,きつい,あり,"themeの楽単堂々のベスト3入り。
毎週Moodleに上がる超楽な課題と簡単なフォーラムを書けばOK。 しかも期末のエッセイの参考になるような課題が多く、期末直前は何もない週もある。たぶんもりもっちゃんの前世は天使。その評判から秋の英語の抽選では鬼のような倍率を記録した(っぽい)ので、抽選に通るまでが鬼門。ちなみに成績はその人の英語力に比例します( ^ω^ )",qr0wpkad
2022/02/09 20:56:51,春学期,西語中級Ⅰ(総合)2,宮内ふじ乃,法学部,,5,5（易しい、面白い）,5（易しい、面白い）,1（難しい、つまらない）,"課題(問題演習や小レポートなど), 小テスト",楽,オンラインテスト,楽,あり,スペイン語の皆さん、ようこそ。君たちは1年の頃から持ち上がりのクラスで授業が受けられます。そしてこの授業はZoomで行われます。どういうことか。教科書の解答をクラスの誰かが先輩から入手し、テストも仲間内で分担して解き、deeplを駆使すればパーフェクトな成績をたたき出すことも夢じゃありません。前期中はふじのちゃんも皆の出来の良さに感動してました。そう、前期中はね……。,qr0wpkad
2022/02/09 21:18:48,春学期,2年法学演習(民法)K(春),鈴木隆史,法学部,,5,5（易しい、面白い）,5（易しい、面白い）,5（易しい、面白い）,なし,,なし,,あり,家族法の2年ゼミ。学籍番号順にペアを組み、半期に1回Zoomで発表する。なぜか発表の最初にはガッチガチの自己紹介を入れさせられる。家族法初学者にも親切な説明がステキ。先生はみんなと仲良くなりたくてたまらないので、先生の認知をもらうことが好成績のミソ。とりあえず陽キャとコミュ強と野球好きはとった方がいい。陰キャでもAは来るのでとった方がいい。ちょっと早めにZoomに入って先生と雑談でもしとけばA＋は固い。先生は明るいが、たまにちょっと重い身の上話が入るので要注意。,qr0wpkad
2022/02/09 21:36:55,秋学期,オリンピック,藁谷,グローバルエデュケーションセンター（GEC),,5,4,3,3,課題(問題演習や小レポートなど),楽,なし,,なし,めっちゃ楽単、間違いなく取りべき,nh4zj82b
2022/02/09 21:38:00,秋学期,英語,河内山有佐,教育学部,,5,4,3,1（難しい、つまらない）,なし,,期末レポート,楽,あり,合計所要時間2時間,nh4zj82b
2022/02/09 22:21:41,春学期,English: Theme ３５（春）,古川　恵美,法学部,,4,4,2,3,課題(問題演習や小レポートなど),ふつう,なし,,あり,教科書の内容は難しくなく、授業後の課題をやっておけば出席点がもらえる。しかし、引用が厳しく、日本語文献だけでレポートを作成するよりも、英語文献を探して作ることが重要である。,qr0wpkad
2022/02/09 23:06:04,春学期,教育学１（チャレンジ教育学）,菊池　栄治,教育学部,共通科目,5,5（易しい、面白い）,5（易しい、面白い）,5（易しい、面白い）,リアクションペーパー,楽,期末レポート,ふつう,あり,・授業の内容は非常に面白かった！先生の声の優しさや、ブレイクアウトルームの静かさにより、眠気を強く誘われるが、文科省の悪口や近代化の影響など、内容は学問的にも、世俗的にも面白かった！ノートをとる暇は与えてくれないので、授業中に提示されるパワポはスクショ必須！,nicet23y
2022/02/09 23:14:49,春学期,教育心理学（中・高）　Ｇ 0001教育の基礎的理解に関する科目（必修）,岡田　佳子,教育学部,教職科目,5,5（易しい、面白い）,5（易しい、面白い）,5（易しい、面白い）,"課題(問題演習や小レポートなど), 小テスト, リアクションペーパー",ふつう,オンラインテスト,楽,なし,"・毎回リアぺ＋小テストをするので、実質出欠はあり。
・休講の代わりとして、本一冊を読み、レポートを書くというのが、個人的にキツかった。
・先生が優しい。",nicet23y
2022/02/09 23:18:59,春学期,生徒理解と教育相談（中・高）　Ｃ 0002道徳、総合的な学習の時間等の指導法及び生徒指導、教育相談等に関する科目（必修）,河村　茂雄,教育学部,教職科目,3,4,5（易しい、面白い）,2,課題(問題演習や小レポートなど),ふつう,なし,,なし,"・対面でこの授業を選択した先輩から、お薦めされたが、あまり面白くなかった。ブレイクアウトルームは毎回行われるが、あまり面白いものはなく、先生が思想強め(笑)
・カメラはオン確定。オンライン・オフライン選択可能なので、嫌なら出ないことをお薦めする(笑)",nicet23y
2022/02/09 23:20:56,春学期,Introduction to Literature and Culture　Ａ,和氣　一成,教育学部,英語英文学科,5,4,4,5（易しい、面白い）,課題(問題演習や小レポートなど),きつい,なし,,あり,・必修の授業。面白さだけで、総合５をつけるほど、面白い。というか学びがある。,nicet23y
2022/02/09 23:24:07,通年,フランス語の基礎　Ｇ,小倉　博行／片山　幹生,教育学部,,5,4,4,4,"小テスト, リアクションペーパー",ふつう,ペーパーテスト,ふつう,あり,・理論的にフランス語を学びたい人はお薦め。昨年先生により単位を落とした友達も、この先生から学んだら、フランス語が超上達したと。,nicet23y
2022/02/09 23:26:25,春学期,個人差と適応（心理学）,島津　直実,教育学部,共通科目,4,4,3,4,小テスト,ふつう,期末レポート,ふつう,なし,・心理学を広く浅く学べて楽しい。同時に教職の教育心理学を学んでいたため、つながりが見えて楽しかった。,nicet23y
2022/02/09 23:29:32,春学期,Oral and Written Communication I　Ｆ,松永　典子,教育学部,英語英文学科,3,5（易しい、面白い）,5（易しい、面白い）,2,課題(問題演習や小レポートなど),きつい,なし,,なし,・ライティングの基礎を学ぶクラス。基礎すぎてあまり面白くない。毎週の300字の英文課題はきつい。先生は教科書批判で、何がしたいの？って感じ。,nicet23y
2022/02/09 23:33:45,春学期,社会心理学,坂田　成輝,教育学部,共通科目,2,4,1（難しい、つまらない）,2,課題(問題演習や小レポートなど),楽,期末レポート,ふつう,なし,・最終レポートは字数制限なし。ある程度書いた筆者とその友人達はC評価。正直評価基準がわからない。内容も薄く、学べる情報量が少ない。社会心理学自体が面白いから、つまらないという印象はないが、正直お薦めするかと言われると、びみょう。,nicet23y
2022/02/09 23:36:00,春学期,生徒指導・進路指導論（中・高）　Ｈ 0002道徳、総合的な学習の時間等の指導法及び生徒指導、教育相談等に関する科目（必修）,羽入田　眞一,教育学部,教職科目,3,5（易しい、面白い）,5（易しい、面白い）,3,リアクションペーパー,ふつう,期末レポート,ふつう,なし,・レジュメを埋めるゲーム。正直眠い。,nicet23y
2022/02/09 23:39:29,春学期,特別活動論（中・高）　Ｈ 0002道徳、総合的な学習の時間等の指導法及び生徒指導、教育相談等に関する科目（必修）,金山　光一,教育学部,教職科目,2,5（易しい、面白い）,3,1（難しい、つまらない）,リアクションペーパー,ふつう,期末レポート,ふつう,なし,・正直お勧めしない。内容は面白くなく、先生の自慢話。学生の発言に対し、余裕でつまらないと放ち、マスクを外す無法状態を良しとする、よくわからない先生。友達は良い授業と言っていたので、人により判断が分かれるクラス。,nicet23y
2022/02/09 23:51:23,春学期,アメリカ映画研究,和氣一成,教育学部,英語英文学科,4,4,4,5（易しい、面白い）,リアクションペーパー,,期末レポート,,あり,授業に積極的に出ること、出た後も意見を言うこと,9vi8ujfm
2022/02/10 0:24:17,春学期,現代人と居場所,阿比留久美,文化構想学部,,5,5（易しい、面白い）,4,5（易しい、面白い）,"小テスト, リアクションペーパー",ふつう,オンラインテスト,,あり,"天然でほわほわした先生と一緒に、現代社会の「居場所」にまつわるあれこれを考える。運がいいと先生の息子さんの話とかが聞ける。かわいい。
とにかく授業をよく聞いて、レジュメをしっかり見返せば大丈夫！",qr0wpkad
2022/02/10 0:28:38,春学期,国際貿易論,横田一彦,商学部,,2,3,2,1（難しい、つまらない）,リアクションペーパー,きつい,オンラインテスト,きつい,あり,毎回のリアクションペーパーが結構重い。オンラインをあまり推奨してない教授っぽかったので少しでも感染者が減れば対面になりそう。単位取得は比較的どうにかなるが、高評価は難しいと感じた,9vi8ujfm
2022/02/10 2:03:43,秋学期,医事刑法,甲斐克則,法学部,,3,3,3,3,なし,,期末レポート,きつい,あり,安楽死とかの社会問題化しているテーマを扱うので、シンプルに学問として面白い。ただ、１倍速再生じゃないと出席をつけてくれないらしいという理不尽。5000字レポートはクソほど重いので、課題図書を12月中旬には入手して、12月中に終わらせないとわりと死ぬ。判例を入れ込むと高評価がくるとか。,qr0wpkad
2022/02/10 2:14:07,通年,1年イタリア語　二,三森のぞみ,文学部,,5,5（易しい、面白い）,4,4,小テスト,,ペーパーテスト,,あり,習ったことを普通に復習していればテストは乗り切れるかと思います。極端に覚えることが多いわけでもないので、少しでもイタリアに興味があるなら(美術でも食べ物でも)個人的にはおすすめしたい二外の授業です。,qr0wpkad
2022/02/10 6:08:24,春学期,数学A2, 後藤佑一,基幹理工学部,学系Ⅱ,5,5（易しい、面白い）,5（易しい、面白い）,5（易しい、面白い）,課題(問題演習や小レポートなど),ふつう,ペーパーテスト,楽,あり,若くて優しい先生。レポートは教科書の問題を解いて提出という高校生のような形式。,nicet23y
2022/02/10 6:11:17,通年,数学B2,嶺幸太郎,基幹理工学部,学系Ⅱ,4,4,2,4,なし,,ペーパーテスト,きつい,なし,テストは厳しい。基礎の基礎から教えてくれるがその分授業スピードはとてつもなく速い。,nicet23y
2022/02/10 6:14:09,春学期,工学系のモデリングA,オムニバス,基幹理工学部,学系Ⅱ,4,4,3,2,"課題(問題演習や小レポートなど), 小テスト",きつい,ペーパーテスト,きつい,あり,工学系のモデリングという名前だが内容はほぼ数学。秋学期のモデリングBでは具体的な物理現象を扱うことが出来るが、その際に必要な数学的知識の修得。,nicet23y
2022/02/10 6:18:25,春学期,理工学基礎実験1A,オムニバス,基幹理工学部,,1,1（難しい、つまらない）,3,2,課題(問題演習や小レポートなど),きつい,なし,,あり,地獄。２週に一回のレポートがとにかく鬼のように大変。実験自体は行けば終わるので大したことないが、問題はその後のレポート。徹夜したら終わるだろうと高を括ると終わらない。レポートには大体15時間かかることを目安に週の予定を立てるべきである。,nicet23y
2022/02/10 6:24:30,秋学期,スペイン文化研究,那須まどり,基幹理工学部,,5,5（易しい、面白い）,4,5（易しい、面白い）,リアクションペーパー,楽,オンラインテスト,ふつう,あり,スペイン文化研究という名前だが、授業時間の3分の1ほどはスペイン語の授業である。残りの3分の2はスペインの歴史と、スペイン映画から文化を読み解く時間である。先生は優しい。何より楽しそうに授業をするのでこちらも興味が湧いてくる。,nicet23y
2022/02/10 6:26:08,秋学期,化学C,オムニバス,基幹理工学部,,3,2,3,2,小テスト,ふつう,ペーパーテスト,きつい,あり,試験場に関数電卓を持って行き忘れると落単,nicet23y
2022/02/10 6:31:11,春学期,Communication Strategies 1,レイナ・マイケル・ジェイムズ,基幹理工学部,,5,5（易しい、面白い）,4,4,課題(問題演習や小レポートなど),楽,オンラインテスト,ふつう,あり,課題の評価は甘くはないので頑張っても高評価にならないこともあるが、きちんと採点した上での妥当な評価であるため、納得出来る。課題もキツくないので息抜きになる。,nicet23y
2022/02/10 6:34:11,春学期,Academic Lecture Comprehension 1,ダイヤー・マイケル,基幹理工学部,,1,3,5（易しい、面白い）,1（難しい、つまらない）,課題(問題演習や小レポートなど),きつい,オンラインテスト,ふつう,あり,授業はなく、毎週オンラインでの課題が出されるだけ。この課題がとにかく大変。他のクラスと比べて量が多い。明らかに去年の使い回しだろと思われるコピペも多数存在する。,nicet23y
2022/02/10 8:45:04,秋学期,都市論B,岡部遊志,商学部,,4,5（易しい、面白い）,4,1（難しい、つまらない）,"課題(問題演習や小レポートなど), 小テスト",楽,オンラインテスト,楽,あり,動画は見なくても大丈夫。とりあえずテストを全部受けて課題を出せば単位は来るし、期限もめちゃくちゃ長いので本当に楽単。対面になったらきつそう。,9vi8ujfm
2022/02/10 8:51:02,春学期,社会予防医学,扇原淳,人間科学部,,4,4,4,3,課題(問題演習や小レポートなど),きつい,期末レポート,きつい,あり,毎回のレポートと期末レポートが重いけど出せばなんとかなる！,l3gxukyd
2022/02/10 8:52:55,春学期,認知行動療法,嶋田洋徳,人間科学部,,5,4,3,5（易しい、面白い）,リアクションペーパー,ふつう,オンラインテスト,ふつう,あり,授業をちゃんと聞いていれば最後のテストもそこまで難しくないです。,l3gxukyd
2022/02/10 11:23:30,秋学期,線形代数　06,野邊厚,政治経済学部,経済学科,5,5（易しい、面白い）,5（易しい、面白い）,3,課題(問題演習や小レポートなど),楽,なし,,あり,普通に課題だしゃ多分単位くるし一定程度の成績も来ます,9vi8ujfm
2022/02/10 11:25:00,秋学期,日本政治論入門,吉野考,政治経済学部,政治学科,5,5（易しい、面白い）,5（易しい、面白い）,4,小テスト,楽,なし,,あり,"授業流して、レジュメ見ながら小テスト出せばオッケーです。
それは全て。",9vi8ujfm
2022/02/10 12:00:55,秋学期,刑法 II（刑法各論） Ｂ,高橋則夫,法学部,,4,5（易しい、面白い）,4,4,なし,,オンラインテスト,,なし,過去問を解く。範囲は膨大だが、テスト直前に出す範囲をあらかじめ匂わせてくるし、解く問題を選択できるため、絞って勉強できるので比較的楽だと思います。先生の評価も甘いので、落とすことはほぼないと思います！,xk1szrhp
2022/02/10 13:46:26,秋学期,大人のこころ(発達心理学),小塩真司,文学部,,5,4,4,5（易しい、面白い）,"小テスト, リアクションペーパー",ふつう,オンラインテスト,ふつう,あり,毎回のテストは授業を流し見でも手元にレジュメさえあれば大丈夫。ただ、期末テストは割と時間が足りないので受験前にも全回のレジュメを一通り見返しておくことが大切。授業内容としては恋愛や結婚などを扱っており面白い。,xk1szrhp
2022/02/10 14:46:40,春学期,学校教育学,細金恒男,文学部,,3,4,4,2,なし,,期末レポート,ふつう,あり,中間と期末の2回のレポート、動画視聴で成績がつく。レポートは授業の要約だけど動画を全部見なくても書ける。,xk1szrhp
2022/02/10 14:47:45,秋学期,日本思想,遠藤正敬,政治経済学部,グローバル科目,5,5（易しい、面白い）,4,5（易しい、面白い）,課題(問題演習や小レポートなど),楽,期末レポート,楽,なし,先生がとにかくユニークで面白い。飽きずに授業を見ていられる。,sd09ziln
2022/02/10 14:50:33,春学期,精神分析入門,村井翔,文学部,,4,5（易しい、面白い）,3,2,なし,,期末レポート,楽,なし,履修が通れば単位が来たと思っていい。基本動画もレジュメも見なくていい。期末レポートだけ出す。高評価は難しいかもしれない。,xk1szrhp
2022/02/10 14:56:47,春学期,Academic skills（Discussion）Ms A,友田路,文学部,,4,4,4,4,課題(問題演習や小レポートなど),ふつう,なし,,あり,プレゼンのための座学→実践の繰り返し。先生は優しい。日本語も話してくれる。英語話せなくてもやる気を見せればなんとかなる。安易に欠席するとプレゼンが大変になるから注意。,xk1szrhp
2022/02/10 17:12:15,秋学期,社会学概論II,若林幹夫,教育学部,社会科,4,4,3,3,リアクションペーパー,ふつう,オンラインテスト,ふつう,あり,ほとんどの人は単位をもらえるがA＋やAをもらえる人は少ない印象。,9vi8ujfm
2022/02/10 18:19:53,秋学期,都市論B,岡部遊志,商学部,,5,5（易しい、面白い）,4,4,"課題(問題演習や小レポートなど), 小テスト",楽,期末レポート,楽,なし,レポートは期限多少過ぎちゃっても出しさえすれば点数がつき、内容次第では高評価を得ることも可能。期末試験といいつつほぼレポートみたいな感じで期限だけ決められてそれまでに提出する形,l3gxukyd
2022/02/10 18:20:27,秋学期,Introduction to Architecture ,ゴラニ　ソロモン　エレズ,国際教養学部,,3,4,3,3,課題(問題演習や小レポートなど),ふつう,なし,,なし,教授が毒舌,
2022/02/10 18:21:56,秋学期,Introduction to Architecture ,ゴラニ　ソロモン　エレズ,国際教養学部,,3,4,3,3,課題(問題演習や小レポートなど),ふつう,なし,,なし,教授が毒舌,l3gxukyd
2022/02/10 18:22:10,春学期,国際貿易論 2,横田一彦,商学部,,5,5（易しい、面白い）,3,5（易しい、面白い）,課題(問題演習や小レポートなど),ふつう,オンラインテスト,ふつう,なし,先生に質問にたくさんいくと名前を覚えてもらえる。毎週課されるリサーチペーパーさえしっかりやればテストであんまり取れなくてもいい評価がもらえる,l3gxukyd
2022/02/10 18:23:23,秋学期,Japanese Economy ,Junnosuke Shino,国際教養学部,,5,5（易しい、面白い）,4,4,課題(問題演習や小レポートなど),きつい,期末レポート,きつい,なし,課題レポートが3回ある,l3gxukyd
2022/02/10 18:24:23,秋学期,Intensive French I,オムニバス,国際教養学部,,3,3,3,3,課題(問題演習や小レポートなど),ふつう,ペーパーテスト,ふつう,あり,出席点が50%を占める,l3gxukyd
2022/02/10 18:25:19,秋学期,日本史Ⅱ 2,米谷均,商学部,,4,5（易しい、面白い）,4,4,課題(問題演習や小レポートなど),楽,なし,,なし,先生のクセが強くて面白かった。毎回レポートがあるが400字だし、楽,l3gxukyd
2022/02/10 18:31:37,春学期,刑法各論,高橋則夫,法学部,,5,5（易しい、面白い）,4,5（易しい、面白い）,なし,,ペーパーテスト,,なし,とりあえず、勉強したことを書けば単位獲得は間違いなし！,l3gxukyd
2022/02/10 18:38:57,秋学期,東洋史　2,王　瑞来,商学部,,3,4,3,2,小テスト,楽,期末レポート,ふつう,なし,毎回の5問だけの小テストを出せばOK,l3gxukyd
2022/02/10 18:42:38,秋学期,ことばと論理B1,小山田　圭一,商学部,,1,3,2,1（難しい、つまらない）,なし,,ペーパーテスト,きつい,なし,何を説明されてるのかわからない授業,l3gxukyd
2022/02/10 19:05:39,秋学期,国際経済学01,金子昭彦,政治経済学部,,3,3,3,2,小テスト,ふつう,ペーパーテスト,ふつう,なし,しっかり授業を聞いて対策して小テストを理解すれば単位は取れそうです。期末は過去問とかぶる問題が多いので要チェック,xk1szrhp
2022/02/10 21:27:55,その他（クォーター科目など）,経済史入門,阿部武司,政治経済学部,,5,5（易しい、面白い）,5（易しい、面白い）,4,小テスト,楽,オンラインテスト,楽,なし,3回ほど小テストを受ければ単位がくる！ラクでコスパがいい授業です,sd09ziln
2022/02/10 23:08:31,春学期,生活環境美学,宮崎薫,文学部,,5,5（易しい、面白い）,5（易しい、面白い）,3,リアクションペーパー,楽,なし,,あり,おそらく文キャン1の楽単授業。毎回のコメント(200~400字程度)を普通に出せばA+が貰える。,xk1szrhp
2022/02/10 23:19:46,春学期,憲法IC,水島朝穂,法学部,,5,5（易しい、面白い）,4,4,なし,,ペーパーテスト,楽,なし,試験で自分の意見をしっかり書けば大丈夫。あとは任意レポートを提出できるのでそれを一回出せば安泰。,lgzjd6y2
2022/02/10 23:27:55,秋学期,マクロ経済学入門02,金子　昭彦,政治経済学部,,3,4,4,2,小テスト,ふつう,ペーパーテスト,きつい,なし,授業真面目に聞くより教科書を読んだ方がいい,l3gxukyd
2022/02/10 23:29:19,春学期,中国語中級 I（検定・留学）,辻リン,法学部,,4,4,4,3,課題(問題演習や小レポートなど),,なし,,あり,毎回中検の過去問を解いて提出するだけでした。忘れずに提出しましょう。,xk1szrhp
2022/02/10 23:29:41,春学期,刑法 I（刑法総論）Ａ/刑法　０１,松原芳博,法学部,,4,3,3,4,なし,,ペーパーテスト,きつい,なし,試験範囲がとても広いので前々から準備する。あとは同じ曜日に試験のある科目を登録しない。,lgzjd6y2
2022/02/10 23:33:18,春学期,刑事訴訟法 Ｂ,小川佳樹,法学部,,4,4,3,3,なし,,ペーパーテスト,きつい,なし,しっかりと要点と重要判例を押さえて覚えれば単位はもらえます。勉強しましょう。,xk1szrhp
2022/02/10 23:33:21,春学期,民法 I（総則I）Ａ/民法（総則）Ａ　０１,大場浩之,法学部,,5,5（易しい、面白い）,5（易しい、面白い）,5（易しい、面白い）,なし,,ペーパーテスト,楽,なし,普通に勉強していれば大丈夫。授業は対面だけどちゃんと聞けば面白い。,lgzjd6y2
2022/02/10 23:33:32,秋学期,English Plus (Speech and Public Speaking),浅利　庸子,国際教養学部,,5,5（易しい、面白い）,5（易しい、面白い）,4,小テスト,楽,期末レポート,楽,あり,毎回出席して、最後スピーチをすれば単位は来ます。内容もそんな難しくはない。,lgzjd6y2
2022/02/10 23:35:46,春学期,商法 I（会社法） Ａ,大塚英明,法学部,,4,5（易しい、面白い）,3,4,なし,,オンラインテスト,ふつう,なし,先生の教科書や授業は非常にわかりやすいです。しっかりと理解をしておけばテストに対応することができるので問題はないです。,xk1szrhp
2022/02/10 23:37:31,秋学期,民法Ⅱ（物権法）C,白石大,法学部,,5,3,3,4,小テスト,楽,オンラインテスト,きつい,なし,イケボと分かりやすいレジュメに定評のある大先生。レジュメを見れば正直すべてわかる。でもオンデマンド動画よりも対面の方がイケボを味わえる気がする😊毎回課される小テスト１割＋期末オンライン試験９割。全体的に良心的な当たり授業だが、オンライン試験の時に難易度が著しく難化し、多くの学生が阿鼻叫喚した。あと今年初めて物権を受け持ったらしく、過去問がほぼないので要注意。,qr0wpkad
2022/02/10 23:38:07,春学期,Culture in Context,Field Malcom,国際教養学部,,5,4,4,5（易しい、面白い）,課題(問題演習や小レポートなど),楽,期末レポート,ふつう,なし,先生は生徒にかわいいって言われることが理解できないようです。かわいいね！課題は中間はペアで、期末は個人でやります。どっちもやれば普通に評価と単位がきます。授業内容もおもしいし、楽単だし、めちゃくちゃおすすめです。,lgzjd6y2
2022/02/10 23:38:22,通年,数学1,神藏　正,教育学部,,5,5（易しい、面白い）,5（易しい、面白い）,5（易しい、面白い）,なし,,ペーパーテスト,,あり,先生が1人で喋ってます！,
2022/02/10 23:39:50,通年,化学1,小棹　理子,教育学部,,5,5（易しい、面白い）,5（易しい、面白い）,5（易しい、面白い）,課題(問題演習や小レポートなど),楽,オンラインテスト,,あり,優しいです！,lgzjd6y2
2022/02/10 23:41:29,通年,数学1,神臟　正,教育学部,,5,5（易しい、面白い）,5（易しい、面白い）,5（易しい、面白い）,なし,,ペーパーテスト,楽,あり,優しいです！,lgzjd6y2
2022/02/10 23:48:46,秋学期,教育哲学,梅本洋,文学部,教育学コース,1,3,2,1（難しい、つまらない）,なし,,オンラインテスト,きつい,なし,授業全回がオンデマンドであり、期限も期末試験までとなっているので、自分をいかに律して勉強できるかが単位取得の鍵となります。期限がまだだからといって、全く手をつけないでいると期末期間に大変なことになります。時間は、論述形式です。,l3gxukyd
2022/02/10 23:49:24,春学期,English theme 48,間晃郎,法学部,,2,4,4,2,リアクションペーパー,ふつう,期末レポート,きつい,あり,ロミオとジュリエット及び古典英語について扱う。オンデマンド動画で、毎回出される軽い英語の課題を提出する。授業として重いわけではないが、なんとなくダルい。あと1000wordsエッセイのテーマ発表が遅いのがとにかくゴミ。英語の授業のなかでは中の上くらいの楽さなので、困ったらとろう。,qr0wpkad
2022/02/10 23:53:33,秋学期,Introduction to Architecture,Erez Golani Solomon	,国際教養学部,,2,1（難しい、つまらない）,1（難しい、つまらない）,2,課題(問題演習や小レポートなど),きつい,期末レポート,きつい,あり,先生厳しいけどたまに褒めてくれるから嫌いになれない…. けどめちゃくちゃきつい授業なので本当にお勧めしないです,lgzjd6y2
2022/02/10 23:54:47,秋学期,クィア•スタディーズ入門,大坪真利子,文学部,,4,5（易しい、面白い）,2,4,小テスト,きつい,なし,,あり,毎回zoomで講義形式の授業を聞きます。授業終わりにmoodle上で小テストを受けます。この小テストの受験有無が出欠を兼ねています。期末レポートや期末試験等は無く、この小テストの出席率と成績が、この授業の成績になります。ちゃんと授業を聞いて、かつ、授業外で復習していないと正解できない問題が多いので、良い成績を目指そうとすると大変です。,l3gxukyd
2022/02/10 23:56:45,秋学期,Introduction to Literature,大和田英子	,国際教養学部,,2,3,2,2,小テスト,ふつう,オンラインテスト,ふつう,あり,友達と一緒にやるのがおすすめです。毎週動画みて課題出せば単位くるはず。でもちゃんと出されたテキストは読んでおいた方がいい。,lgzjd6y2
2022/02/10 23:59:29,秋学期,刑法 II（刑法各論） Ｃ,田山聡美,法学部,,4,4,3,4,小テスト,楽,オンラインテスト,ふつう,あり,動画視聴と小テスト：中間試験：期末試験＝３：３：４　なんでや阪神関係ないやろ！救済措置が豊富なので、コツコツ頑張れる人にとっては神授業。中間試験は事例問題を４日間の期限で提出する。そして中間試験の範囲は期末試験から除外される。ただ、期末試験は意外とマイナーなところから出たりするので、ヤマが張りにくい。ちなみに先生の声は某声優に似てるらしい。名前は忘れたけど。４単位だから落とさないように頑張ろうね！,qr0wpkad
2022/02/11 0:00:42,秋学期,統計学Ⅱ 02,齊藤　有希子／上田　貴子,政治経済学部,,2,3,3,1（難しい、つまらない）,小テスト,きつい,オンラインテスト,きつい,なし,小テストの配点が高いので毎回ちゃんとこなさないときついです。,l3gxukyd
2022/02/11 0:06:06,秋学期,主専攻法学演習（民事訴訟法） Ｇ （秋）,山本研,法学部,,4,5（易しい、面白い）,5（易しい、面白い）,3,なし,,なし,,あり,いわゆる法学部のゼミ。先生は優しく、学生との交流を求めているが、学生同士はみんながみんなめちゃくちゃ仲がいいというわけではない。学生は温厚だが個性豊かなので、見ていて飽きない。基本的に10月の合同ゼミに向けて、班に分かれて準備をしている。合同ゼミでは、2年はチュートリアル、3年はメイン、４年は見守る保護者としての立ち位置でディベートをするが、たまに大活躍する２年や４年がいる。ゆるすぎずきつすぎないのがいいところ。卒論はない。,qr0wpkad
2022/02/11 0:51:20,春学期,教育学概論1,梅本洋,文学部,,3,4,2,2,なし,,オンラインテスト,ふつう,なし,試験内容は前日に公開されていた。該当箇所の授業動画見ながらまとめればいける。話す速度が非常にゆっくりなので1.6倍速推奨。,xk1szrhp
2022/02/11 2:28:32,秋学期,English theme  21,広川治,法学部,,3,5（易しい、面白い）,2,4,課題(問題演習や小レポートなど),ふつう,期末レポート,きつい,なし,映画のセリフやスピーチを聴き、 シナリオ のセリフを読み、映画を数本見て、レポート を書く。計７本くらい映画を見るので、洋画好きにはたまらないが、忙しい人にとってはきつい。課題をサボらず出せば、単位を落とすことはなく、単位を落としそうな人には救済もある。一方、A＋は上位数名しかとれないらしい。1000wordsエッセイは法学部２年生の宿命なので、テーマにしたい映画を視聴するときから、書きたい内容をピックアップしてメモっておこう。,qr0wpkad
2022/02/11 2:41:27,秋学期,外国法総論（英米法Ⅱ）B,宮川成雄,法学部,,3,5（易しい、面白い）,4,2,なし,,オンラインテスト,楽,なし,連邦法と州法、陪審制、アメリカの法学教育などを扱い、前期よりもやや内容がとっつきにくくなる。Zoomの最初の５分間だけ顔出しを求められる謎制度に加え、後期は先生が生徒を当て始めた。なお、試験は相変わらず前日に勉強すればいける難易度。もかいを手に入れれば楽勝。,qr0wpkad
2022/02/11 3:11:30,その他（クォーター科目など）,日本語を集める,久保田美子,グローバルエデュケーションセンター（GEC),,5,5（易しい、面白い）,5（易しい、面白い）,5（易しい、面白い）,リアクションペーパー,楽,期末レポート,楽,なし,秋クォーターのみ受講。レポート：平常点（リアぺ含む）＝４：６　レポートは800～1000文字ととっても軽い。日本語について日常生活と絡めて分析していく。とにかく楽かつ面白い。ディスカッションが多く、大教室だが全体的に和気あいあいとした雰囲気の中授業が進む。唯一の難点は先生がデュフデュフ笑うこと。,qr0wpkad
2022/02/11 6:56:58,秋学期,社会学研究12(現代社会への視角2),草柳千早,文学部,,4,4,4,2,リアクションペーパー,楽,オンラインテスト,楽,あり,期末試験は○×問題と授業への感想。○×問題は文章の細部まで注意して読めば大丈夫。,xk1szrhp
2022/02/11 9:06:04,春学期,イタリア語入門(理解),朝比奈佳尉,グローバルエデュケーションセンター（GEC),,5,5（易しい、面白い）,5（易しい、面白い）,5（易しい、面白い）,なし,,オンラインテスト,楽,なし,先生が凄くフレンドリー。GECのため、さまざまな学年の人がいて、ブレイクアウトルームで会話の練習をするので他の学年にも知り合いが増える。A +とりやすい。,lgzjd6y2
2022/02/11 9:09:35,春学期,First Year Seminar A,長坂真澄,国際教養学部,,4,4,4,4,課題(問題演習や小レポートなど),ふつう,期末レポート,ふつう,あり,日本語で行われる授業だが、時たま先生が間違えて英語で話してたりする。哲学について、答えのない深い話を同じグループの友達と話し合えて楽しい。レポートを出せば単位は来る。A +をとるのは難しい。,lgzjd6y2
2022/02/11 9:29:35,秋学期,バレーボール応用01	,松井泰二	,グローバルエデュケーションセンター（GEC),,5,4,4,5（易しい、面白い）,リアクションペーパー,ふつう,なし,,あり,"毎回出席し、リアクションペーパーを提出する。また、対面の際は、他のプレーヤーと協力し合い、プレーする。
",lgzjd6y2
2022/02/11 9:33:16,秋学期,Introduction to Buddhism,Steven Trenson	,国際教養学部,,4,3,3,3,"課題(問題演習や小レポートなど), 小テスト, リアクションペーパー",きつい,オンラインテスト,ふつう,あり,毎回出席し、課される課題を締め切り期限内に提出する。また、動画を最後まで見切る。,lgzjd6y2
2022/02/11 10:23:55,秋学期,Academic Writing and Discussion in English　α　８３,笹沼 塩美,政治経済学部,,1,3,3,1（難しい、つまらない）,"課題(問題演習や小レポートなど), 小テスト",きつい,期末レポート,きつい,あり,単位はなんとかなるが先生と合わない人が多い。,qr0wpkad
2022/02/11 10:56:45,通年,フランス語初級Ⅱ,岡本健　コーエン・ジャックリーン,政治経済学部,,5,4,4,4,なし,,オンラインテスト,ふつう,あり,毎回ちゃんと出席することが大事です,yoxe0v1p
2022/02/11 11:17:53,秋学期,政治心理学,山崎新,政治経済学部,,4,3,3,4,なし,,ペーパーテスト,,なし,オンデマンドでもリアルタイムでもみることができますが、毎回の授業でしっかりメモをとることが大事です。,lgzjd6y2
2022/02/11 11:20:06,秋学期,西洋経済史,内田日出海,政治経済学部,,3,3,3,3,課題(問題演習や小レポートなど),ふつう,期末レポート,きつい,あり,毎回3問x2個の計6個の小レポートが出る。それを出さないと成績がつかないので忘れずに毎回やることが大事です。	,オンデマンドでもリアルタイムでもみることができますが、毎回の授業でしっかりメモをとることが大事です。
2022/02/11 11:41:03,秋学期,基礎演習A ,上杉勇司,国際教養学部,,5,5（易しい、面白い）,5（易しい、面白い）,5（易しい、面白い）,リアクションペーパー,楽,なし,,あり,超楽だし面白いです。,Igzjd6y2
2022/02/11 11:57:06,秋学期,西語中級 I（総合）　２（秋）,宮内ふじ乃,法学部,,4,5（易しい、面白い）,4,2,課題(問題演習や小レポートなど),ふつう,オンラインテスト,ふつう,あり,試験：レポート：平常点：その他＝５：１：３：１。前期に学んだ文法事項を生かし、『蝶の舌』という有名なスペイン語小説を購読していく。宿題として日本語訳が出されるが、生徒が順々に当てられていく方式のため、授業を聞きながら訳すのでもギリ間に合う。ちなみに電子辞書があるととても便利だった。期末試験の事前説明がしっかりしているため、半分くらい事前準備が可能（というか公式で認められている）。結局語学って友人との協力プレイなんですよね。,qr0wpkad
2022/02/11 12:05:10,秋学期,租税法総論 II,渡辺　徹也,法学部,,3,4,4,2,なし,,ペーパーテスト,ふつう,なし,前期の所得税法から一転、法人税法を学ぶ。ジャンルの特性上、イメージのつきにくい話が多く、シンプルに難しいため、軽い気持ちでとらないことをおすすめする。授業はcollaborateでソクラテス方式（先生が生徒を順番に当てていって、問答を繰り返す）で行われる。予習前提の質問をされることが多く、生徒の多くがあてられても無視するため、相対的にあてられて答えた人の好感度（と評価）が上がるとか上がらないとか。対面試験のため、試験の難易度はそれほど高くない。教科書の太字部分・その理由・授業で強調されていた箇所をおさえよう。,qr0wpkad
2022/02/11 12:15:33,秋学期,民法Ⅲ（債権Ⅱ）,大澤慎太郎,法学部,,3,5（易しい、面白い）,4,2,小テスト,楽,オンラインテスト,ふつう,なし,蝶ネクタイがチャームポイントの先生による、まるで２倍速で再生しているかのような早口授業。早口のくせに少し聞き逃すと内容がわからなくなってしまうので、だいぶモチベが削がれる。しかもこの先生、毎授業一回は「こんなん僕だってわかんないですよ！！！」と言う。いやなんでお前授業しているんだよ……。しかし、おそらく単位は取りやすい。とても簡単な〇×式の小テストに加え、Zoomで行われた外部の講演会に参加し、「おもしろかったです」と送るだけで５点加点される（本人明言済）。救済措置の情報を逐一チェックしよう。ちなみにレジュメは文字が多く、見づらい。でも進度が遅いのでテスト勉強するときには助かる。,qr0wpkad
2022/02/11 12:25:38,秋学期,English theme 73,吉田聡,法学部,,5,5（易しい、面白い）,4,5（易しい、面白い）,課題(問題演習や小レポートなど),楽,ペーパーテスト,楽,あり,"シェイクスピア作品について、映画を見ながら学ぶ。控えめに言って神授業。以下神ポイントを記述する。
①1000wordsエッセイが実質ない
　２年のthemeは原則として、1000wordsエッセイを半期に２つ書かされる。しかし、吉田さんはこのエッセイを分割し、「200～250wordsのエッセイを」「授業内に」「電子辞書を使って」書かせてくれる。しかもテーマは「〇〇の性格を分析しなさい」というようなごく簡単なものばかり。正直この点だけで法学部の英語ナンバー１。
②試験が簡単
　期末試験は、授業後moodleにアップされる「復習用ファイル」から出題される。実力問題もあるが、そちらは辞書参照可能なので、早稲法に受かる程度の英語力があれば、A＋は固い。
③普通に勉強になるし面白い
　これは主観なので実際に受けて確認してみてね♡
ただ、前期と後期で内容が重複するらしく、１生徒が２回吉田さんの授業を受けることはやめてね🥰とのこと。",qr0wpkad
2022/02/11 14:24:16,春学期,神話の世界,兼利琢也,文学部,,4,5（易しい、面白い）,5（易しい、面白い）,3,なし,,ペーパーテスト,ふつう,あり,レジュメが配布されるので、テスト前はそれを見て暗記すれば良い評価がくると思います。授業はギリシャ神話に興味があってある程度知っているなら面白いと思いますが、これから神話を学ぼうという人には少しつまらないかもしれません。,qr0wpkad
2022/02/11 14:27:39,春学期,Academic Skills (Writing) Ls B2-2,赤間勇雄,文学部,,5,5（易しい、面白い）,4,3,課題(問題演習や小レポートなど),ふつう,オンラインテスト,ふつう,あり,選択英語の中では負担が軽い方だと思います。毎週ライティングの課題が出されましたが、そこまで文量は求められないので、授業がとりやすい一年生のうちに履修しておくことを個人的にはおすすめします。,qr0wpkad
2022/02/11 14:32:36,秋学期,Academic Skills (Writing) Lf E2-2,Ｐ．Ｒ．マッキネス,文学部,,3,4,4,3,課題(問題演習や小レポートなど),きつい,オンラインテスト,ふつう,あり,ライティングの授業ですが、Collaborate内のブレイクアクトルームでグループワークのようことを求められます。会話しなくてもできる課題も多いのでそこまで負担ではないかもしれませんが、一応声が出せる環境での受講をおすすめします。課題は二週間に一度ライティングの課題を出されますが、きちんとやっていればA+はくるかと思います。ただかなり文量が求められるのであまり楽ではないように感じました。,qr0wpkad
2022/02/11 15:23:06,秋学期,基礎経済学,横山将義,商学部,,4,4,3,3,"課題(問題演習や小レポートなど), 小テスト",ふつう,ペーパーテスト,,あり,小テスト頑張る,lgzjd6y2
2022/02/11 16:26:04,秋学期,学習言語心理学,岡島義,人間科学部,,5,4,4,4,"課題(問題演習や小レポートなど), リアクションペーパー",ふつう,期末レポート,ふつう,あり,レポートが4000文字くらい書かされる,l3gxukyd
2022/02/11 20:32:58,春学期,バレーボールⅠ,松井,スポーツ科学部,,5,5（易しい、面白い）,5（易しい、面白い）,5（易しい、面白い）,なし,,なし,,あり,松井先生だいすき！,sd09ziln
2022/02/11 20:34:00,秋学期,マニュアルセラピー実習,高橋仁,スポーツ科学部,,5,5（易しい、面白い）,5（易しい、面白い）,4,小テスト,楽,ペーパーテスト,楽,あり,実技テストです！かんたん！,sd09ziln
2022/02/11 21:36:40,春学期,マーケティング入門,野口智雄,社会科学部,,4,5（易しい、面白い）,5（易しい、面白い）,2,なし,楽,期末レポート,楽,なし,楽単です！,z0hv1uak
2022/02/11 21:37:13,秋学期,Biological Psychology ,あずまれいな教授,国際教養学部,,5,4,5（易しい、面白い）,2,小テスト,楽,オンラインテスト,楽,あり,楽単です！やることをしっかりやれば絶対A以上とれます！内容としては難しくない。,z0hv1uak
2022/02/11 21:37:37,秋学期,高度情報社会における人間関係,オムニバス,基幹理工学部,,5,5（易しい、面白い）,4,4,"小テスト, リアクションペーパー",,なし,,あり,オンデマンドで動画が上がるので、期限までに視聴さえすればオーケー。課題やテストは簡単で量も少ない。,z0hv1uak
2022/02/11 21:37:41,通年,財務会計論,八重倉孝,商学部,,3,4,3,2,なし,楽,オンラインテスト,,なし,特になし,z0hv1uak
2022/02/11 21:38:18,春学期,会計学入門,福島隆,社会科学部,,5,5（易しい、面白い）,4,4,小テスト,楽,ペーパーテスト,ふつう,あり,授業内容は面白く、ある程度勉強すれば、良い成績が取れると思います。,z0hv1uak
2022/02/11 21:38:45,春学期,平和学1,堀芳枝先生,社会科学部,,5,4,3,4,"課題(問題演習や小レポートなど), リアクションペーパー",ふつう,なし,,あり,授業内容の理解度に深くかかわる最終レポートで単位取得や成績が決まるため、普段の授業に出席することやノートをしっかりとることが重要になってくる。,z0hv1uak
2022/02/11 21:39:05,秋学期,イギリス民衆文化論,小田島恒志,文化構想学部,,5,4,4,4,"課題(問題演習や小レポートなど), リアクションペーパー",,オンラインテスト,,あり,イギリスの文化について15回の授業を通してじっくり学べるので面白いし学びが深まります,z0hv1uak
2022/02/11 21:39:22,秋学期,SpanishⅠ,仲道慎治/新谷ロクサナ,国際教養学部,国際教養学科,5,4,4,4,課題(問題演習や小レポートなど),楽,ペーパーテスト,ふつう,あり,お二方ともとっても親切な方です！楽しみながら言語を学びたい人にはおすすめです！,z0hv1uak
2022/02/11 21:41:34,春学期,Life and Environment ,吉田知史先生,国際教養学部,,4,5（易しい、面白い）,5（易しい、面白い）,4,課題(問題演習や小レポートなど),楽,オンラインテスト,楽,なし,試験や中間レポートの出来のみが単位や成績に反映される。出欠は影響しないため、徐々に授業の参加者が減っていく。試験やレポートは教科書やネットの情報を参照することが認められているため、準備等はそれほど必要なく楽。,z0hv1uak
2022/02/11 21:42:24,春学期,Cプログラミング入門　基幹(５),鮑思雅,基幹理工学部,,3,3,2,4,課題(問題演習や小レポートなど),,期末レポート,,あり,毎週課題が出るが、提出期限を過ぎたものは採点するのに内容を問わず必ず0点がつくので注意。課題も難しいものが含まれており、課題の合計点がそのまま100点満点で成績に算出される。A+はプランニングが得意な人間か、他力本願の人のどちらか。,z0hv1uak
2022/02/11 21:46:02,春学期,建築意匠と歴史,オムニバス,創造理工学部,建築脱化,4,4,4,4,"課題(問題演習や小レポートなど), リアクションペーパー",ふつう,期末レポート,ふつう,あり,最後のレポートが一番重いが、それさえ乗り越えれば成績と単位は保証される。,z0hv1uak
2022/02/11 21:48:38,春学期,開発協力論,オムニバス,基幹理工学部,,3,3,3,3,課題(問題演習や小レポートなど),ふつう,期末レポート,きつい,なし,期末レポートのテーマは一見楽そうだが、評価は厳しめ。構成や内容を練って書くのがポイント。,z0hv1uak
2022/02/11 21:56:07,春学期,Introduction to International Relations,Bacon,国際教養学部,,4,4,4,4,課題(問題演習や小レポートなど),ふつう,期末レポート,ふつう,なし,期末レポートは評価は甘いが、字数が多めなので計画的に進めるのがコツ,z0hv1uak
2022/02/11 21:57:05,春学期,イメージのリテラシー１,石岡良治,文化構想学部,,4,4,4,3,リアクションペーパー,楽,期末レポート,ふつう,なし,期末レポートでのみ成績が付けられるが、お題がかなりアバウトなため前もって考えておくとよい。授業内容は映画やメロドラマの表現や演出について先生が語っているので興味がある人はお勧め。,z0hv1uak
2022/02/11 22:00:17,春学期,Academic writing ,オムニバス,国際教養学部,,4,3,3,3,課題(問題演習や小レポートなど),きつい,期末レポート,きつい,あり,レポートの提出状況や出席に厳しい。毎週レポートがあるので、計画的に進めることがコツ。,z0hv1uak
2022/02/11 22:02:38,春学期,First Year Seminar B,Bacon,国際教養学部,,4,4,3,4,課題(問題演習や小レポートなど),ふつう,期末レポート,ふつう,なし,ディスカッションベースの授業だが、発言量がみられるわけではなく、レポートの方が比重が高い。,z0hv1uak
2022/02/11 22:03:53,春学期,セクシュアリティの社会学,大倉韻,文化構想学部,,5,5（易しい、面白い）,5（易しい、面白い）,5（易しい、面白い）,なし,,オンラインテスト,楽,なし,先生が時々毒を吐きながら現代のジェンダーやセクシュアリティにかかわる社会問題について語ってくれる。ジェンダー論の基本からしっかり学べるので今までジェンダー問題に詳しくなかった人でも多角的に「ジェンダー」という概念について学べるだろう。期末テストはレジュメや板書などすべて閲覧OKなのでとても楽。,z0hv1uak
2022/02/11 22:04:36,春学期,First Year Seminar A,桜井啓子先生,国際教養学部,,5,4,4,4,課題(問題演習や小レポートなど),ふつう,期末レポート,ふつう,あり,読み物が多いので、授業後に配られた資料を読む癖をつけると苦なく進められる。,z0hv1uak
2022/02/11 22:06:48,秋学期,マクロ経済学入門,金子昭彦先生,政治経済学部,,4,3,3,3,"課題(問題演習や小レポートなど), 小テスト",ふつう,期末レポート,きつい,あり,小テストで出欠を取られるので、普段の勉強やしっかりと授業に参加する姿勢が問われる。,z0hv1uak
2022/02/11 22:14:17,春学期, グローバル化の社会分析,樽本英樹,文化構想学部,,4,4,4,4,リアクションペーパー,楽,期末レポート,ふつう,なし,ヨーロッパ中心に移民問題について学べる。問題について様々な角度から学ぶが、最終的に多様性の大切さに落ち着く。グローバル化にかかわる諸問題について学ぶ第一歩になるだろう。レポートは文字数も加点されるのでとにかくたくさん書くことは有効。,z0hv1uak
2022/02/11 22:14:44,秋学期,数学基礎プラスα（金利編）　０２,オムニバス,グローバルエデュケーションセンター（GEC),,4,5（易しい、面白い）,5（易しい、面白い）,3,小テスト,楽,オンラインテスト,楽,なし,内容は高校数学。小テストが毎週あるので、受け忘れないようにするのが最初の関門。ただしそこさえクリアすればA＋も固い（らしい）,qr0wpkad
2022/02/11 22:28:43,通年,Intensive Studies 21 (Education 1),梅宮悠,文化構想学部,,4,4,3,4,なし,,なし,,あり,ブックレポートとグループプレゼンで成績がつく。周りは帰国子女やJCuLPばかりなので純ジャパにはハードモード。頑張って意欲を見せよう。,z0hv1uak
2022/02/11 22:53:20,その他（クォーター科目など）,数学基礎プラスα（最適化編）　０２,オムニバス,グローバルエデュケーションセンター（GEC),,3,4,4,1（難しい、つまらない）,小テスト,ふつう,オンラインテスト,きつい,なし,文系数弱にはややきつい面もあるが、課題をコツコツやっていればA＋やAは固いはず。締切に余裕をもって課題をやろう。,qr0wpkad
2022/02/11 22:55:46,その他（クォーター科目など）,学術的文章の作成,オムニバス,グローバルエデュケーションセンター（GEC),,4,4,4,3,課題(問題演習や小レポートなど),ふつう,なし,,なし,多くの学部で必修となる授業。前評判ほどきついわけではなく、授業動画で扱ったポイントをクリアした文章を提出すれば、（その内容にかかわらず）A＋が来る（らしい）。ただ、なんとなくだるい。,qr0wpkad
2022/02/11 22:58:11,春学期,教育とジェンダー,近藤牧子,文学部,,4,4,3,4,課題(問題演習や小レポートなど),ふつう,なし,,あり,動画を見る→リアペ書くの繰り返し。最初はテストがあると言われていたけどなぜか無くなった。普通にやれば単位は来る。,xk1szrhp
2022/02/11 23:54:45,秋学期,マクロ経済学3,高瀬浩一,商学部,,3,3,3,2,小テスト,楽,ペーパーテスト,ふつう,なし,小テストが複数選択なのがめんどくさい。毎回あるから機嫌忘れがち。期末試験は対面だから普通に勉強しないと終わる。マークシート&作図2問が出たよ,iz6ld8hg
2022/02/11 23:59:36,秋学期,テレビ史,岡室美奈子,文化構想学部,,5,5（易しい、面白い）,4,5（易しい、面白い）,リアクションペーパー,,期末レポート,,あり,内容も面白い上に、最終レポートは400字程度なのでおすすめです！,iz6ld8hg
2022/02/12 0:35:55,秋学期,文化人類学研究II,吉村,教育学部,,2,1（難しい、つまらない）,1（難しい、つまらない）,2,"課題(問題演習や小レポートなど), 小テスト",きつい,オンラインテスト,きつい,なし,基本的に重い。毎回プリントを埋め授業をフルで聞いていないと試験にならない。試験の採点もきつい。,iz6ld8hg
2022/02/12 0:37:31,秋学期,英語上級コミュニケーション37b,伊藤健一郎,教育学部,,5,5（易しい、面白い）,5（易しい、面白い）,3,課題(問題演習や小レポートなど),楽,オンラインテスト,ふつう,なし,上級英語の数少ないオンデマンド授業。丁寧で優しい先生。,iz6ld8hg
2022/02/12 0:39:04,秋学期,英語上級コミュニケーション13B,ケイハスキー,教育学部,,4,3,3,2,課題(問題演習や小レポートなど),ふつう,オンラインテスト,ふつう,あり,先生がよく言えばとても几帳面、悪く言えば非常にだるい。,iz6ld8hg
2022/02/12 0:40:19,秋学期,英語上級56B,トクマウォン,教育学部,,4,3,3,3,課題(問題演習や小レポートなど),ふつう,期末レポート,きつい,あり,出席や細かいことには厳しいが慣れればまあ耐え,iz6ld8hg
2022/02/12 7:59:16,通年,朝鮮語（初級）,オムニバス,教育学部,,2,2,2,2,課題(問題演習や小レポートなど),ふつう,オンラインテスト,きつい,あり,韓国好きな人なら楽しく受講できるかも！！韓国に興味ないとモチベ保てない。,iz6ld8hg
2022/02/12 8:39:34,秋学期,初等教科専門家庭,勝田映子,教育学部,教育学科,5,5（易しい、面白い）,5（易しい、面白い）,5（易しい、面白い）,"課題(問題演習や小レポートなど), 小テスト",楽,ペーパーテスト,ふつう,あり,"実生活に役立つ豆知識教えてくれます！
おちゃめな先生で可愛い",iz6ld8hg
2022/02/12 10:43:06,秋学期,経営学 3,坂野友昭,商学部,,4,4,3,4,課題(問題演習や小レポートなど),ふつう,期末レポート,ふつう,なし,課題さえちゃんとやっていれば、テスト勉強は不要,9vi8ujfm
2022/02/12 10:45:55,秋学期,基礎会計学 7,町田遼太,商学部,,2,1（難しい、つまらない）,1（難しい、つまらない）,2,なし,,ペーパーテスト,きつい,あり,授業ちゃんと聞くべきだった,9vi8ujfm
2022/02/12 11:17:10,秋学期,ビジネス法入門3,新井　剛／和田　宗久,商学部,,3,3,3,2,なし,楽,ペーパーテスト,ふつう,なし,オンデマンドの動画見る時は複数同時タブで視聴すると単位もらえない事件発生している。,9vi8ujfm
2022/02/12 11:19:38,秋学期,金融入門1,広田 真一,商学部,,4,4,2,4,課題(問題演習や小レポートなど),きつい,オンラインテスト,ふつう,なし,毎週のレポートがとてもだるい。,9vi8ujfm
2022/02/12 11:21:54,秋学期,基礎数学12,渡邊 展也,商学部,,2,4,1（難しい、つまらない）,1（難しい、つまらない）,なし,,ペーパーテスト,きつい,なし,てんやの授業は誰でも単位とれるというのはもう昔の話。テストできなければ落とされる,9vi8ujfm
2022/02/12 13:17:33,春学期,写真論,橋本一径,文化構想学部,,5,5（易しい、面白い）,3,4,"課題(問題演習や小レポートなど), リアクションペーパー",,期末レポート,ふつう,あり,"毎回オンデマンドの授業動画を期限までに視聴し、視聴した上でコメントを記入する形になるので、見逃すと基本コメントも書けないです。
レポートでは、毎年授業の内容に基づいた写真を自由に撮って説明するという課題らしいですが、結局先生の好みのレポートが成績高くつけられるらしいです",z0hv1uak
2022/02/12 13:20:52,春学期,中国語ヒアリング（中上級）,段書暁,文化構想学部,,4,5（易しい、面白い）,5（易しい、面白い）,4,課題(問題演習や小レポートなど),,オンラインテスト,,あり,特に毎回の事後課題はないですが、事前にリスニングしておくべき音声資料が配られるので、予習が必須になります。ですが、生徒の中国語のレベルに合わせて先生が授業を進めてくださるため、やりやすいです,z0hv1uak
2022/02/12 13:23:43,秋学期,映像ジャーナリズム論01,高橋恭子,政治経済学部,,4,5（易しい、面白い）,4,5（易しい、面白い）,リアクションペーパー,,期末レポート,,なし,コメントシートを毎回出し忘れたという人にも、遅れて提出する人用の提出ボックスを3回ほど設けていたので、あとから巻き返したい人も、使用されたスライドなどを見ながら考えたことをコメントシートに書くことができます,z0hv1uak
2022/02/12 18:04:58,秋学期,初等教育学基礎演習Ⅱ,佐藤寛之,教育学部,教育学科初等教育学専攻,4,3,3,4,課題(問題演習や小レポートなど),ふつう,期末レポート,ふつう,あり,知識を得る授業もあり、グループ活動もあり,ef90tjbw
2022/02/12 18:06:47,秋学期,教育心理学原論,オムニバス,教育学部,教育学科,4,4,3,3,課題(問題演習や小レポートなど),ふつう,期末レポート,ふつう,あり,今年度は完全オンラインで、授業3回に１回小レポート提出あり,ef90tjbw
2022/02/12 18:09:27,秋学期,子ども理解と授業,小林宏己,教育学部,教育学科初等教育学専攻,5,4,4,5（易しい、面白い）,"課題(問題演習や小レポートなど), リアクションペーパー",ふつう,オンラインテスト,ふつう,あり,毎回授業後に提出するコメントシートによる出欠確認,ef90tjbw
2022/02/12 18:24:16,秋学期,現代人間論系演習(発達の会得性と効果),清水由紀,文化構想学部,,5,5（易しい、面白い）,5（易しい、面白い）,5（易しい、面白い）,課題(問題演習や小レポートなど),ふつう,なし,,あり,個人での発表もグループでの発表もあり、これからの大学生活で生かせるスキルを身につけることが出来ました。クラスの雰囲気も明るく良かったです。,ef90tjbw
2022/02/12 18:29:35,春学期,メディア・アートとデジタル表現,チェン・ドミニク,文化構想学部,,4,4,4,4,課題(問題演習や小レポートなど),ふつう,なし,,なし,毎回のリアクションペーパーと期末レポートが大切です。オンラインですが授業動画の構成が練られており、面白いです。,ef90tjbw
2022/02/12 18:33:28,春学期,グローバル化の社会分析,樽本英樹,文化構想学部,,4,5（易しい、面白い）,4,4,リアクションペーパー,ふつう,オンラインテスト,ふつう,なし,教授のグローバルな人生から、グローバル化社会について考えました。面白かったです。,ef90tjbw
2022/02/12 18:38:56,秋学期,Japanese Economy,篠潤之助,国際教養学部,,4,4,3,3,課題(問題演習や小レポートなど),ふつう,期末レポート,ふつう,なし,中間・期末問題演習2つと期末レポートをしっかり提出すれば単位くるはずです。オンデマンドなので授業コツコツ見ておくと問題演習解くのがスムーズに行く。,ef90tjbw
2022/02/12 18:43:18,秋学期,Political and Economic Situations in Southern African Coutries,片岡貞治,国際教養学部,,3,3,3,2,小テスト,楽,期末レポート,ふつう,あり,期末はテストかレポートか毎年違う。2021年度はレポートだった。毎週出席フォームと期末をしっかり出せば単位くるはず。授業は一方的にアフリカの大使が話す。対面でしっかり来る人は毎週減少し、ほとんどがオンラインに。,ef90tjbw
2022/02/12 18:46:07,春学期,First Year Seminar B 42,加藤順子,国際教養学部,,5,4,4,4,なし,,期末レポート,ふつう,あり,アメリカ奴隷についての授業で、先生がすごくいい人。毎週出席し、たまに発言し、プレゼンをペアで行い、期末レポートを提出すれば単位は来る。,ef90tjbw
2022/02/12 18:47:03,秋学期,グローバリゼーションと経済,箕曲在弘,文化構想学部,,4,2,2,3,リアクションペーパー,きつい,期末レポート,ふつう,あり,ものを借りたらなぜ返さなければいけないのか？という問いなどに文化人類学の視点から答えを探していく。実は仮想通貨が今から3000年以上前から存在していたということなども知ることができ、これまでの常識が壊れる。ただ教材が難しすぎる。めっちゃ読むのに体力がいるし、読まないと班員に迷惑をかける。ある程度の覚悟が必要だと思う。,ef90tjbw
2022/02/12 18:51:25,秋学期,トップスポーツビジネスの最前線(大久保武男スポーツジャーナリズム講座),平田竹男,グローバルエデュケーションセンター（GEC),,4,3,3,5（易しい、面白い）,リアクションペーパー,きつい,期末レポート,ふつう,あり,毎週2つ800字のリアぺはけっこう辛い。それに加えて期末にはレポートとテスト両方。ただ五郎丸やレスリング金メダルの須崎由依選手が講演に来てくれて面白い。,ef90tjbw
2022/02/12 18:53:58,秋学期,医療人類学,磯野真穂,文化構想学部,,5,2,2,4,リアクションペーパー,ふつう,なし,,あり,病気ってなんだろう？どんな状態のことを病気というのだろう？狂気と正気の違いは？なぜ大麻は禁止されてアルコールはいいの？といった問いに文化人類学の視点から先生と一緒に考えていく。日本人は実は世界でも有数の酒癖の悪さを持っているということがわかったり、ドラッグと国家の関係とかが分かる。その他にもLGBTについての授業を聞けたり、精神疾患についての授業も聞ける。授業の準備が少し大変だが、それ以外はそんなに負担は多くない。ただ班員のモチベが低いと授業準備の負担が大きくなってしんどい。,ef90tjbw
2022/02/12 18:54:43,春学期,Introduction to Marketing,森本真理子,国際教養学部,,3,3,2,4,小テスト,きつい,オンラインテスト,きつい,あり,内容、課題はきついがよく聞くと面白い。期末テストは問題量が超多いので要注意。,ef90tjbw
2022/02/12 19:24:15,秋学期,熱力学2,オムニバス,基幹理工学部,機械科学・航空宇宙学科,4,3,3,3,"課題(問題演習や小レポートなど), 小テスト, リアクションペーパー",ふつう,ペーパーテスト,きつい,あり,ムードルに乗っかる講義動画や講義資料を試験前に確認すること。,ef90tjbw
2022/02/12 19:26:25,秋学期,材料の力学2,オムニバス,基幹理工学部,機械科学・航空宇宙学科,4,4,4,4,"課題(問題演習や小レポートなど), 小テスト",きつい,ペーパーテスト,きつい,なし,冬休み期間中の宿題として、演習プリントが課せられる。これを解けるようにすればテストが簡単に思える。簡単に思えるだけであって簡単ではない。,ef90tjbw
2022/02/12 19:29:56,秋学期,ダイナミクス,オムニバス,基幹理工学部,機械科学・航空宇宙学科,5,5（易しい、面白い）,5（易しい、面白い）,5（易しい、面白い）,課題(問題演習や小レポートなど),ふつう,なし,,なし,力学の初歩から入り、多体問題や、電磁気学と剛体力学のアナロジーを学べる。,ef90tjbw
2022/02/12 20:24:31,秋学期,発達行動学,石島このみ,人間科学部,,5,5（易しい、面白い）,5（易しい、面白い）,5（易しい、面白い）,リアクションペーパー,,期末レポート,,あり,リフレクションを出すことで、出席とみなされる。毎回オンデマンド動画を見て、リフレクション(文字数制限なし)を書いて、最後に期末レポートを出せば単位がくるので楽。内容も面白い上、レポートは1000字程度と良心的です。,iz6ld8hg
2022/02/12 21:01:24,秋学期,劇文学Ⅱ（歌舞伎・浄瑠璃）,原田 真澄,教育学部,,5,4,3,5（易しい、面白い）,リアクションペーパー,楽,なし,,あり,"毎回のアンケートが出席の代わりなので、それを忘れないようにすることが大切。
添付の歌舞伎、浄瑠璃に関する動画も見ておいた方が良いです、レポートのとき助けになります。",ef90tjbw
2022/02/12 21:09:36,秋学期,日本文学史Ⅲ（近世）,鈴木 久美,教育学部,国語国文学科,5,2,2,5（易しい、面白い）,課題(問題演習や小レポートなど),ふつう,期末レポート,ふつう,あり,"毎回の課題でpassをもらうことが必要、真面目に授業動画を理解することが重要。
授業で学ぶ分野に対して興味を持っている人や持ちやすい人には、楽しく簡単に感じるかもしれない。
反対に興味のない人や持ちにくい人には、たいへん苦痛に感じるかもしれない。",ef90tjbw
2022/02/12 21:15:21,秋学期,中国文学基礎演習Ⅰ C,堀 誠,教育学部,国語国文学科,3,2,2,2,課題(問題演習や小レポートなど),ふつう,オンラインテスト,ふつう,あり,"毎回の課題をこなしていくことが必要。
先生の指示が曖昧で、課題のやり方についてわかりにくいことがあるが、それを抜きにしても、楽しいがめんどくさい、漢文→書き下し、漢文→返り点付け、書き下し→漢文、といった課題がでる。",ef90tjbw
2022/02/12 21:59:53,春学期,経営学2,三橋平,商学部,,4,1（難しい、つまらない）,1（難しい、つまらない）,4,課題(問題演習や小レポートなど),きつい,期末レポート,きつい,あり,毎週、もしくは週2回、1200字以上の課題が課されます、期末レポは10000字以上、期末のグループ課題はプロモーションムービーとプレゼンを作る,ef90tjbw
2022/02/12 22:27:52,通年,金融入門1,広田 真一,商学部,,4,3,2,4,課題(問題演習や小レポートなど),ふつう,オンラインテスト,きつい,あり,サマリーレポートをちゃんとやる,l3gxukyd
2022/02/13 0:21:11,秋学期,Theme-Based Studies (Global Issues)16,Brinkman Bruce,政治経済学部,全学科,4,4,3,4,課題(問題演習や小レポートなど),,ペーパーテスト,,あり,授業前半は英語で世界のニュースについて議論するので、新聞を読むと授業でたくさん発言できて平常点アップ。成績は試験の割合が大きい割に、明確に試験範囲を教えてくれなかったのが難点だが、最終試験以外は課題も出席も緩くて、議論の時間以外はずっと先生が一人で喋っているから授業を受けるのは楽。プレゼンは期末に一回あるが、どのプレゼンも褒めてくれた。試験は、日々の先生の独り言の内容と、自分とクラスメイトのプレゼン内容から穴埋めで出されるので、きちんと聞いておくべき。マイルの評価も低いし受講者が6人で人気ないのかと思ったら、意外と先生がフレンドリーでSDGsとか最近の話題を扱ってくれる面白い授業だった。,iz6ld8hg
2022/02/13 0:32:48,秋学期,Academic Writing and Discussion in English ,Bay Shalom,政治経済学部,全学科,5,4,4,4,課題(問題演習や小レポートなど),,期末レポート,,あり,オンラインの時だったけど、いつも授業の最初はhow are you？っていうのをクラス全員でリレーして緩くスタート。レポートの参考文献の書き方を細かく教えてくれる。先生の発音が綺麗すぎてわかりやすい最終レポートは何回か下書きで書いて蓄積されたものを出すだけだからキツくない。レポートにもしっかりコメントしてくれて面倒見が良い。誕生日の人は祝ってくれた時もあった。毎回60分で授業が終了していたような,iz6ld8hg
2022/02/13 0:39:33,その他（クォーター科目など）,メンタルヘルスマネジメント概論,オムニバス,グローバルエデュケーションセンター（GEC),,5,4,4,4,リアクションペーパー,,期末レポート,,なし,オンデマンドで、毎回違う先生(精神科医とか実際に医者している人もいる)が授業をしてくれる。最近の若者の飲酒による健康状態の傾向や、瞑想の仕方も教えてくれる。毎回聞きがいのある授業。期末レポートは、今までの講義の中で一人の先生が言ってたことについて書くので問題なし。動画の長さもそこまで長くないので毎回消化できる。,iz6ld8hg
2022/02/13 10:06:12,秋学期,東アジアの比較政治01,唐亮,政治経済学部,,5,5（易しい、面白い）,4,3,課題(問題演習や小レポートなど),ふつう,なし,,なし,毎週のオンデマンド授業に関する要約と、それに対する感想と質問を書いた1000字のレポートが課される。提出は3ヶ月に一度で、6回分まとめて提出する。,ewn6mlfz
2022/02/13 10:08:29,秋学期,経済数学入門05,玉置健一郎,政治経済学部,,2,2,1（難しい、つまらない）,2,なし,,ペーパーテスト,きつい,なし,毎週の授業は出席を取られず、録画を残してくれるが、中間と期末試験のみ対面であり、難易度が高いためテスト勉強が必要。,ewn6mlfz
2022/02/13 10:11:34,秋学期,線形代数04,井上淳,政治経済学部,,2,2,2,2,小テスト,ふつう,オンラインテスト,ふつう,あり,毎回動画を視聴した後、それに関する小テストを毎回受けなければならない。,ewn6mlfz
2022/02/13 10:13:51,秋学期,地方自治制度01,小原隆治,政治経済学部,,5,5（易しい、面白い）,5（易しい、面白い）,5（易しい、面白い）,課題(問題演習や小レポートなど),楽,なし,,あり,動画を視聴し、2回レポートを出すだけで単位がくるし、評価も高い,ewn6mlfz
2022/02/13 10:16:25,秋学期,政治理論史,高山裕二,政治経済学部,,2,2,2,2,課題(問題演習や小レポートなど),ふつう,期末レポート,ふつう,あり,毎回の授業で、その内容に関する質問が出されるのでそれに答える形で出欠がとられる。しっかり授業を聞かないと全く答えられない。,ewn6mlfz
2022/02/13 10:17:53,秋学期,経済史入門B02,阿部武司,政治経済学部,,5,5（易しい、面白い）,5（易しい、面白い）,5（易しい、面白い）,小テスト,楽,なし,,なし,オンデマンド授業を見て、それに関する小テストが3回ある。基本的に受け忘れなければ単位は来る。,ewn6mlfz
2022/02/13 10:22:46,その他（クォーター科目など）,Tutorial English (Intermediate、秋・冬クォーター),オムニバス,グローバルエデュケーションセンター（GEC),,5,5（易しい、面白い）,5（易しい、面白い）,5（易しい、面白い）,小テスト,,オンラインテスト,,あり,"とにもかくにも、積極的に、アクティブな姿勢で英語を話すことが大切。Leading, Listeningに長け、Writing, Speakingに苦手意識を持ちがちな日本人にとって、少人数かつ10×2期(秋・冬)＝20回できる授業はとてもいい経験になる。リスニング力も向上するのでgood。",ewn6mlfz
2022/02/13 10:34:26,秋学期,現代政治分析(スペイン),野上和裕,社会科学部,,4,5（易しい、面白い）,5（易しい、面白い）,3,リアクションペーパー,楽,なし,,あり,授業開始時に配られるリアクションペーパーを終了後に提出すれば単位が取れる。中身は特に見られておらず、毎回出席して提出すればA+は確実です！,ewn6mlfz
2022/02/13 10:38:03,秋学期,観光学,周藤真也,社会科学部,,3,4,3,2,リアクションペーパー,楽,ペーパーテスト,ふつう,なし,対面授業だが、毎回の授業の様子はオンデマンド配信されるため、出席しなくても大丈夫。授業アンケートのような課題が数回・期末テスト(事前に問題候補は共有される)形式なので、そこまで難しくはない。,ewn6mlfz
2022/02/13 10:41:43,秋学期,生命倫理と法2,三田奈穂,社会科学部,,3,4,3,2,小テスト,楽,期末レポート,ふつう,あり,対面授業開始時に出席用のパスワードが共有されるのでmoodleに打ち込んで出席確認される。評価は毎回の小テスト(ニ者択一問題1問)と期末レポート(3000字程度)、授業はあまり聞いていなくても単位は取れる。,ewn6mlfz
2022/02/13 10:42:53,春学期,生命倫理と法1,三田奈穂,社会科学部,,3,4,3,2,小テスト,楽,期末レポート,ふつう,あり,対面授業開始時に出席用のパスワードが共有されるのでmoodleに打ち込んで出席確認される。評価は毎回の小テスト(ニ者択一問題1問)と期末レポート(3000字程度)で決まる。授業をあまり聞いていなくても単位は取れる。,
2022/02/13 10:43:03,秋学期,聴覚文化論,久保田翠,文化構想学部,,5,4,4,4,課題(問題演習や小レポートなど),ふつう,なし,,あり,自分で音楽に関わるプレゼンをしなくてはならないので、音楽にそもそも興味が無いと難しいと思います。,ewn6mlfz
2022/02/13 10:46:19,秋学期,児童文学,久米依子,文化構想学部,,4,3,3,3,"小テスト, リアクションペーパー",楽,期末レポート,ふつう,あり,教科書がないと課題が出来ないので気をつける！,ewn6mlfz
2022/02/13 10:46:20,春学期,生命倫理と法1,三田奈穂,社会科学部,,3,4,3,2,小テスト,楽,期末レポート,ふつう,あり,ewn6mlfz,ewn6mlfz
2022/02/13 10:47:29,春学期,生命倫理と法1,三田奈穂,社会科学部,,3,4,3,2,小テスト,楽,期末レポート,ふつう,あり,対面授業開始時に出席用のパスワードが共有されるのでmoodleに打ち込んで出席確認される。評価は毎回の小テスト(ニ者択一問題1問)と期末レポート(3000字程度)、授業はあまり聞いていなくても単位は取れる。,ewn6mlfz
2022/02/13 10:48:25,春学期,日本語史1,上野和昭,文化構想学部,,4,4,4,4,課題(問題演習や小レポートなど),楽,期末レポート,楽,なし,中間レポートと期末レポートさえ期限までに出せば動画を見るのはいつでもいいところがとても楽です。,ewn6mlfz
2022/02/13 10:50:05,秋学期,日本語史2,上野和昭,文化構想学部,,4,4,4,4,課題(問題演習や小レポートなど),楽,期末レポート,楽,なし,日本語史1と同様に、中間レポートと期末レポートさえ出せば大丈夫。,ewn6mlfz
2022/02/13 10:51:02,秋学期,行政書士実務概論1,オムニバス,グローバルエデュケーションセンター（GEC),,5,5（易しい、面白い）,4,5（易しい、面白い）,リアクションペーパー,ふつう,なし,,なし,早稲田出身の行政書士の方から、実務のあれこれを学ぶ。仕事の中身だけでなく、仕事は稼げるのか？なども教えてくれるので楽しい。評価は毎回の授業に対するリアクションペーパー(400字以上)のメール提出。,ewn6mlfz
2022/02/13 10:53:01,その他（クォーター科目など）,行政書士実務概論2,オムニバス,グローバルエデュケーションセンター（GEC),,5,5（易しい、面白い）,4,5（易しい、面白い）,リアクションペーパー,ふつう,なし,,なし,早稲田出身の行政書士の方から、実務のあれこれを学ぶ。仕事の中身だけでなく、仕事は稼げるのか？なども教えてくれるので楽しい。評価は毎回の授業に対するリアクションペーパー(400字以上)のメール提出。,ewn6mlfz
2022/02/13 11:21:07,春学期,初等教科専門図画工作,大泉義一,教育学部,教育学科,5,4,4,5（易しい、面白い）,"課題(問題演習や小レポートなど), リアクションペーパー",きつい,なし,,あり,"毎週、授業の後にパワーポイントの作成をしなくてはいけないです。
初等教育学部の人しかいないので、和気あいあいと楽しんでできます。
",ewn6mlfz
2022/02/13 11:39:49,春学期,国際政治学01,栗崎周平,政治経済学部,,2,1（難しい、つまらない）,1（難しい、つまらない）,1（難しい、つまらない）,課題(問題演習や小レポートなど),きつい,期末レポート,きつい,なし,かなりきついです,ewn6mlfz
2022/02/13 11:41:51,春学期,公共政策01,稲継裕昭,政治経済学部,,5,4,4,4,課題(問題演習や小レポートなど),ふつう,ペーパーテスト,ふつう,なし,普通でした！B以上は取れます！,ewn6mlfz
2022/02/13 11:43:42,春学期,人口学A01,佐藤龍三郎,政治経済学部,,5,4,4,4,課題(問題演習や小レポートなど),楽,期末レポート,ふつう,なし,"むちゃむちゃ楽です！
毎時間小レポートを出せばAは確実！",ewn6mlfz
2022/02/13 11:45:58,春学期,独語実践演習I 01,萩野静男,政治経済学部,,3,3,3,3,課題(問題演習や小レポートなど),ふつう,期末レポート,ふつう,あり,普通にめんどくさいけど、授業に参加してればAは取れるかなという感じです。,ewn6mlfz
2022/02/13 11:46:43,秋学期,言語史の方法,吉田健二,文学部,,4,5（易しい、面白い）,4,4,課題(問題演習や小レポートなど),楽,なし,,なし,課題は調べ学習。ただ手順は全て授業中に説明してくれるのでそのまま辿るだけ。先生は質問などあればいつでも丁寧に答えてくれる。やさしい。,ewn6mlfz
2022/02/13 11:50:14,秋学期,広告イメージ論,西山純子,文化構想学部,,4,4,3,4,課題(問題演習や小レポートなど),ふつう,なし,,あり,色々な広告を見られる。ポスターとか印刷物好きな人は楽しめる。パワポの文字が最高に見にくい。,ewn6mlfz
2022/02/13 12:01:26,春学期,国際政治学,栗崎周平,政治経済学部,,2,3,2,3,課題(問題演習や小レポートなど),ふつう,期末レポート,ふつう,なし,個人単位のレポートに加えて、グループごとに分かれてパワポを使った説明動画を作成することもあった。内容は面白いと感じる人もいた。,ewn6mlfz
2022/02/13 12:02:54,春学期,人口学A,佐藤龍三郎,政治経済学部,,5,5（易しい、面白い）,5（易しい、面白い）,5（易しい、面白い）,リアクションペーパー,楽,なし,,なし,毎週とても短いリアクションペーパーを出すだけでAがもらえる。非常に楽単。,ewn6mlfz
2022/02/13 12:04:44,春学期,公共政策,稲継裕昭,政治経済学部,,2,2,2,2,なし,,ペーパーテスト,きつい,なし,授業は対面で出欠はないが、期末試験の難易度が高く、試験範囲も死ぬほど広い。,ewn6mlfz
2022/02/13 12:06:13,春学期,福祉行政,藤井浩司,政治経済学部,,5,4,4,4,なし,楽,期末レポート,楽,なし,期末レポートを出すだけで単位がくる。非常に楽単。,ewn6mlfz
2022/02/13 12:08:03,春学期,自治体政策,小原隆治,政治経済学部,,5,5（易しい、面白い）,5（易しい、面白い）,5（易しい、面白い）,課題(問題演習や小レポートなど),楽,期末レポート,楽,あり,動画を毎週再生し、中間と期末レポートを出すだけでAがもらえる。非常に楽単。,ewn6mlfz
2022/02/13 12:09:42,春学期,西洋政治史,仲内英三,政治経済学部,,5,5（易しい、面白い）,5（易しい、面白い）,5（易しい、面白い）,なし,,期末レポート,楽,なし,レポートを二つほど出すだけで単位がくる。出欠もなく非常に楽単。,ewn6mlfz
2022/02/13 13:39:38,通年,数学B2,楫元,基幹理工学部,,3,3,2,1（難しい、つまらない）,課題(問題演習や小レポートなど),ふつう,ペーパーテスト,ふつう,なし,授業でやった演習をやっておけば多分テストは取れます。基本内容は全く分かりません。先生はふわっとしたおじさんでいい人そうですが内容が難しいのでつまんないし嫌になります。コツコツ勉強してたらそんなにしんどくなさそうです。サボったらテスト前に地獄を見ます。,ewn6mlfz
2022/02/13 15:45:18,秋学期,財政学,大野裕之,社会科学部,,3,2,2,2,なし,,オンラインテスト,,なし,中間試験と期末試験がオンラインで行われた。回答時間が短く、通信トラブルが起きたらどうしようという不安を感じるテストだった。,qr0wpkad
2022/02/13 15:49:58,秋学期,生命倫理と法2,三田奈穂,社会科学部,,3,4,4,3,小テスト,楽,期末レポート,楽,あり,毎回の小テスト、期末レポートの負担は大きくないと思う。毎回授業に出席していれば、良いと思う。,qr0wpkad
2022/02/13 15:52:36,秋学期,地域計画システム論Ⅱ,落合基継,社会科学部,,3,4,4,3,なし,,期末レポート,ふつう,あり,中間レポートと期末レポートがあるが、試験期間の忙しさを考慮した時期に出してくれるので、取り組みやすい。提出〆切も余裕を持って設定してくれるので、負担は大きくないと思う。,qr0wpkad
2022/02/13 15:55:11,秋学期,民法1(総則),吉田和夫,社会科学部,,3,3,3,3,なし,,オンラインテスト,ふつう,なし,オンライン上で期末テストが行われる。民法総則について分かりやすく説明してくださるので、分かりやすいと思う。,qr0wpkad
2022/02/13 15:59:28,秋学期,知的財産権法（特許法、商標法、不正競争防止法）,今村哲也,社会科学部,,3,3,3,3,"小テスト, リアクションペーパー",ふつう,なし,,なし,期末テストは無い。毎回の授業の小テストとレビューシートを書けば大丈夫。動画の視聴機関等の締め切り日は余裕を持って設けられているので、忘れずに受講することが大切だと思う。,qr0wpkad
2022/02/13 16:01:35,秋学期,居住環境論,早田宰,社会科学部,,3,3,3,3,リアクションペーパー,楽,オンラインテスト,楽,なし,毎回のレビューシートを書くことが大切。期末レポートの負担は大きくない。,qr0wpkad
2022/02/13 16:03:26,秋学期,環境社会学2,浜本篤史,社会科学部,,2,2,2,2,なし,,期末レポート,,なし,期末レポート、中間レポート、親書レポート3つあり、負担は大きいと思う。,qr0wpkad
2022/02/13 16:05:32,秋学期,労働市場法,鈴木俊晴,社会科学部,,4,3,3,4,小テスト,ふつう,オンラインテスト,ふつう,あり,毎回の小テストを回答すべし。今回の期末テストの内容は、ほぼほぼ毎回の小テストの内容だった。,qr0wpkad
2022/02/13 16:09:14,秋学期,食料と農業の経済学２ 〔日本の経験と教訓〕,弦間正彦,社会科学部,,3,4,4,3,課題(問題演習や小レポートなど),,なし,,なし,数回出されるレポートを出す。出し忘れなければ単位は来ると思う。,qr0wpkad
2022/02/13 20:57:23,秋学期,社会科学のための基礎コンピュータB,開沼泰隆,社会科学部,,4,4,3,2,課題(問題演習や小レポートなど),ふつう,ペーパーテスト,ふつう,あり,出席が苦でなければ単位は比較的簡単に取れると思います,ewn6mlfz
2022/02/13 22:06:40,春学期,Intermediate Seminar 04,伊藤剛,国際教養学部,国際教養学科,5,5（易しい、面白い）,5（易しい、面白い）,5（易しい、面白い）,なし,,なし,,あり,先生は教授じゃなくて講師として来てる会社の社長。内容は学問的なことよりコミュニケーション方法や伝えたいことを伝える事をメインに授業が行われる。右脳がとてつもなく働く,lgzjd6y2
2022/02/13 23:30:37,春学期,社会学入門A,浜本篤史,社会科学部,,5,4,3,5（易しい、面白い）,"課題(問題演習や小レポートなど), 小テスト",ふつう,期末レポート,ふつう,なし,ハマる人はハマります。,nicet23y
2022/02/13 23:33:08,春学期,ドイツ語1基礎A,千葉清史,社会科学部,,4,5（易しい、面白い）,4,4,小テスト,ふつう,ペーパーテスト,ふつう,なし,ノリで行ける。,nicet23y
2022/02/13 23:34:38,春学期,ドイツ語2基礎A,小山田豊,社会科学部,,4,5（易しい、面白い）,4,4,課題(問題演習や小レポートなど),ふつう,ペーパーテスト,ふつう,あり,計画的な試験対策は少し必要です。,nicet23y
2022/02/13 23:36:07,春学期,社会科学の基礎A,吉田敬,社会科学部,,3,5（易しい、面白い）,3,3,なし,,期末レポート,ふつう,なし,高校の倫理と被るものが多い,nicet23y
2022/02/13 23:38:03,春学期,世界人口論入門,小島宏,社会科学部,,3,5（易しい、面白い）,4,3,課題(問題演習や小レポートなど),ふつう,期末レポート,きつい,なし,所謂ドツボな科目,nicet23y
2022/02/13 23:39:52,春学期,外国史概論1,大橋里美,社会科学部,,5,5（易しい、面白い）,5（易しい、面白い）,5（易しい、面白い）,小テスト,楽,オンラインテスト,楽,なし,世界史･歴史好きにはたまらない。,nicet23y
2022/02/13 23:42:03,春学期,憲法1A,阪口正二郎,社会科学部,,4,5（易しい、面白い）,3,3,なし,,オンラインテスト,ふつう,なし,レジュメの量が半端ない＝テストのために覚えないといけない量が半端ない,nicet23y
2022/02/13 23:43:39,春学期,社会デザイン論入門A,オムニバス,社会科学部,,4,5（易しい、面白い）,4,3,リアクションペーパー,ふつう,オンラインテスト,ふつう,なし,発想の豊かさが鍵,nicet23y
2022/02/13 23:45:23,春学期,ゲーム理論の基礎A,戸田学,社会科学部,,3,5（易しい、面白い）,3,3,なし,,ペーパーテスト,ふつう,なし,所謂ドツボ科目,nicet23y
2022/02/13 23:47:51,秋学期,国際関係論入門B,オムニバス,社会科学部,,3,5（易しい、面白い）,3,3,リアクションペーパー,ふつう,期末レポート,ふつう,なし,フルオンデマンドで途中から飽きてしまった,nicet23y
2022/02/13 23:49:04,秋学期,外国史概論2,大橋里美,社会科学部,,5,5（易しい、面白い）,5（易しい、面白い）,5（易しい、面白い）,小テスト,楽,オンラインテスト,楽,なし,世界史好き･歴史好きにはたまらない,nicet23y
2022/02/14 2:14:04,春学期,ミクロ経済学入門　０１,田中　久稔,政治経済学部,,4,3,4,5（易しい、面白い）,小テスト,ふつう,ペーパーテスト,,なし,授業内容は非常に面白いです。大学教授では珍しく、学生の興味をそそるような巧な弁舌が繰り広げられます。ただし、期末考査は教場で行われる上、一定の難易度を誇ります。期末考査に関してはそれ相応の学習量が要求されます。,z0hv1uak
2022/02/14 2:19:25,春学期,  公共哲学（政治）　０１,齋藤　純一,政治経済学部,,2,2,2,1（難しい、つまらない）,なし,,オンラインテスト,きつい,なし,政経学部長が教鞭をとる授業ですが、説明はとても分かりやすいとは言い難いものです。期末考査に関しても、制限時間（一時間）以内にマーク式問題と記述問題を同時にこなす必要があり、自力で取り組むのであれば学期を通しての丁寧な履修が求められます。オンライン形式であることがせめてもの救いです。友達と一緒に助け合いながら受講することをお勧めします。,z0hv1uak
2022/02/14 2:23:50,秋学期,国際関係論入門　０１,多湖　淳,政治経済学部,,4,4,3,5（易しい、面白い）,小テスト,楽,オンラインテスト,ふつう,なし,内容自体は非常に面白いものでした。オンライン形式での期末試験が行われましたが、実質的な軽めのレポートでした。特に制限時間は設けられず、期日までに要求された記述問題の解答を送信する形です。問題の解答にあたって試聴が必要となる授業動画はそう多くない上、一つ一つの授業の長さも40分前後と短かったように記憶しています。単位を取ることは比較的容易です。履修を強くお勧めします。,z0hv1uak
2022/02/14 9:21:41,秋学期,統計リテラシーβ,オムニバス,社会科学部,,3,1（難しい、つまらない）,2,4,"課題(問題演習や小レポートなど), 小テスト",きつい,オンラインテスト,きつい,あり,数学が苦手な文系にとってはかなりきつい,ef90tjbw
2022/02/14 9:25:25,秋学期,国際関係論入門,オムニバス,社会科学部,,4,4,3,4,リアクションペーパー,ふつう,期末レポート,ふつう,あり,期末レポートは3人の先生から1人の課題を選べるため取り組むやすいと感じた。,ef90tjbw
2022/02/14 10:25:13,秋学期,ロシア思想史,小俣智史,文学部,,4,4,4,4,リアクションペーパー,ふつう,オンラインテスト,ふつう,あり,60〜90分弱の動画視聴と感想提出で出席をとる。ロシア思想史を概観できる。感想の字数制限はないが、他の受講者の感想が深く勉強になる。,yxk1tga4
2022/02/14 15:18:08,通年,民法I(総則II)A,大場浩之,法学部,,4,3,2,3,なし,,ペーパーテスト,ふつう,なし,教科書の内容をしっかりと理解していれば単位を落とすことはないと思います。,ol4f96sa
2022/02/14 15:20:37,春学期,導入講義,原田俊彦,法学部,,3,4,4,1（難しい、つまらない）,なし,,ペーパーテスト,楽,なし,過去問を解いておけば単位を取得することは簡単だと思います。,ol4f96sa
2022/02/14 15:24:06,春学期,社会学IB,佐藤公紀,法学部,,3,3,3,2,リアクションペーパー,ふつう,なし,,あり,各オンデマンド講義の後に講義の内容についての感想やどのように考えたかなど、800字程度で書く必要がありますが、そこまで大変ではありませんでした。,ol4f96sa
2022/02/14 15:36:54,秋学期,国際法特論（国際紛争解決法）,河野真理子,法学部,,4,4,2,5（易しい、面白い）,課題(問題演習や小レポートなど),ふつう,期末レポート,,なし,"2週間に1回レポート提出。先生は怖めでした。
でも授業が面白いのと、レポートを出せば単位はきます！",6laz4byo
2022/02/14 15:38:43,秋学期,日本法史特論,和仁かや,法学部,,5,2,1（難しい、つまらない）,5（易しい、面白い）,なし,,期末レポート,,あり,"先生の癖がわりと強めです。でもとにかく面白い。日本史が好きならとるべき！
でも単位はくるか私もまだ分かりません、、",6laz4byo
2022/02/14 15:41:06,秋学期,現代家族と法,オムニバス,法学部,,2,3,2,3,課題(問題演習や小レポートなど),楽,ペーパーテスト,ふつう,あり,"今年から試験問題の形式が変わりました。
でも授業を理解していれば書ける内容です。
楽単と聞いていたのでその期待値と比べると評価は低めです。",6laz4byo
2022/02/14 16:42:25,秋学期,ミクロ経済学A,おが生隆,政治経済学部,,2,2,2,2,課題(問題演習や小レポートなど),,ペーパーテスト,,あり,テストは提出課題から出る,6laz4byo
2022/02/14 16:43:30,秋学期,ミクロ経済学B,荻沼隆,政治経済学部,,2,2,2,2,課題(問題演習や小レポートなど),,ペーパーテスト,,あり,テストは提出課題から出る,6laz4byo
2022/02/14 18:59:59,春学期,憲法特論,中島徹,法学部,,4,4,4,4,なし,,ペーパーテスト,ふつう,なし,発言が求められるが、強制的にさせられることはない。出欠は一切取られない。試験一発勝負。試験は、過去問見て対策すればなんとかなる！,6laz4byo
2022/02/14 19:02:35,春学期,外国法総論(韓国法),國分典子,法学部,,4,4,4,2,なし,,オンラインテスト,ふつう,なし,ひたすら韓国の政治的歴史について語られる。出先生は優しい雰囲気。出欠は取られず、試験もそこまで難しくない。,6laz4byo
2022/02/14 19:04:35,春学期,法政策論IB,水島朝穂,法学部,,4,5（易しい、面白い）,4,4,なし,,オンラインテスト,楽,なし,任意と名のついたレポートだが、これを出さないと評価は下がる。だが、任意レポートさえ出しておけば、未来は明るい。試験も難しくない。単位を落とすことはそうない。,6laz4byo
2022/02/14 21:48:06,秋学期,ゲーム理論入門01,荻沼隆,政治経済学部,経済学科,3,3,2,2,"課題(問題演習や小レポートなど), 小テスト",きつい,ペーパーテスト,楽,あり,各担当の先生によってレジュメの作り具合が違います。他の詳しく授業を行なってくださっている教員の方の授業を参考にすれば、課題も解けます。,l3gxukyd
2022/02/14 21:49:48,秋学期,線形代数06,野邉厚,政治経済学部,,5,4,4,3,課題(問題演習や小レポートなど),楽,期末レポート,楽,あり,レジュメにある解答を移せばA以上は確定。恐らく期末レポートを出さなくても単位がくる。,l3gxukyd
2022/02/14 22:47:07,秋学期,中国語Ⅱ総合B 12,細井尚子,商学部,,4,4,3,2,"課題(問題演習や小レポートなど), 小テスト, リアクションペーパー",,なし,楽,あり,出席して毎週の課題を出せば問題ないです。,tzvifuw0
2022/02/14 22:51:18,通年,民法総則,大場浩之,法学部,,4,3,3,2,なし,,ペーパーテスト,ふつう,なし,普通に授業に出て、普通に授業を聞き、普通に試験勉強すれば単位は来る。,tzvifuw0
2022/02/14 22:57:35,秋学期,金融入門,広田真一,商学部,,2,2,2,2,課題(問題演習や小レポートなど),きつい,オンラインテスト,きつい,なし,授業の内容を復習してテストに臨まないと、点数は取れない印象。,tzvifuw0
2022/02/14 23:04:16,秋学期,データリテラシーⅡ,杉澤武俊,人間科学部,人間情報学科,1,1（難しい、つまらない）,1（難しい、つまらない）,1（難しい、つまらない）,"課題(問題演習や小レポートなど), 小テスト",,ペーパーテスト,,あり,くそだる授業,tzvifuw0
2022/02/14 23:27:27,秋学期,中東・イスラームの社会研究,嶺崎寛子,文学部,,5,3,3,3,リアクションペーパー,ふつう,オンラインテスト,ふつう,なし,期末試験は、レジュメが有れば大丈夫です。そのレジュメは毎回の授業の際ダウンロードできますが、1週間経つとダウンロードできなくなるので注意が必要です。,tzvifuw0
2022/02/14 23:31:38,春学期,マーケティング論2,恩藏　直人,商学部,,3,3,3,3,"課題(問題演習や小レポートなど), 小テスト",ふつう,オンラインテスト,きつい,なし,協力ゲー,tzvifuw0
2022/02/14 23:32:22,秋学期,中東イスラーム研究演習4,新井和広,文学部,,2,1（難しい、つまらない）,2,2,課題(問題演習や小レポートなど),きつい,なし,,あり,毎回英語の文献の翻訳を読み上げます。準備をしていかないと参加できないので予習が大変です。,tzvifuw0
2022/02/14 23:34:01,秋学期,中東イスラーム前近代史,五十嵐大介,文学部,,3,3,2,1（難しい、つまらない）,課題(問題演習や小レポートなど),ふつう,オンラインテスト,きつい,なし,期末テストは1000字の記述試験でした。レジュメがないときついです。レジュメがあっても、1000字書くのはきついです。ただそれだけ耐えれば単位はきます。,tzvifuw0
2022/02/14 23:39:29,秋学期,English Theme40,首藤　佐智子　先生,法学部,,3,5（易しい、面白い）,5（易しい、面白い）,3,課題(問題演習や小レポートなど),ふつう,期末レポート,ふつう,あり,"・話を聞いていないと判断されたら欠席扱いになるから、zoom中はスマホを見るのを避けた方がいいの。
・吃りながらの英語でも、カンペを見ずにプレゼンできたら高評価なの。
・司法通訳に関するレポートを出してプレゼンすれば、単位は来るの。
・先生はひたすら話すの。私たちの発言の機会は少ないの。",6laz4byo
2022/02/14 23:44:44,春学期,ミクロ経済学入門,田中　久稔,政治経済学部,,5,5（易しい、面白い）,5（易しい、面白い）,5（易しい、面白い）,小テスト,楽,ペーパーテスト,ふつう,なし,試験前に頑張れば大丈夫！（たぶん）,
2022/02/14 23:46:29,春学期,英語Reading ,バートレイ　ドナルド　クレイトン,政治経済学部,,4,5（易しい、面白い）,1（難しい、つまらない）,5（易しい、面白い）,なし,,期末レポート,楽,あり,とても楽ですが、評価は厳しいです！でも、面白いです！おすすめです！,
2022/02/14 23:47:02,秋学期,教養演習(言語情報)A,首藤　佐智子　先生,法学部,,3,5（易しい、面白い）,5（易しい、面白い）,3,なし,,期末レポート,,あり,"・最初の10回くらいは各自の研究テーマをどうするか駄弁るの。
・11回目以降くらいからは、ちょちょっとアンケート取ったりインターネットで調べたりしてレポートのミソを作っていくの。
・2月に入ったら各自の研究の成果を発表し合うの。
・テーマ決めで困ったら先生が助けてくれるから、心配いらないの。",6laz4byo
2022/02/14 23:48:37,春学期,法学A（憲法を含む）,小林　幸夫,政治経済学部,,4,5（易しい、面白い）,5（易しい、面白い）,1（難しい、つまらない）,課題(問題演習や小レポートなど),楽,なし,,あり,わりと簡単に単位•評価を得られます。,
2022/02/14 23:52:25,秋学期,民法Ⅱ(物権法)C,白石　大　先生,法学部,,3,3,3,5（易しい、面白い）,小テスト,楽,オンラインテスト,きつい,あり,"・見やすいレジュメを先生が作ってくれるから、そこにメモを書き込むのがいいの。
・レジュメだけダウンロードして試験に臨んでも地獄を見るだけなの。
・地獄を見ないために動画をちゃんと見るといいの。
・試験は難しいから覚悟するの。でも、ちゃんとやっていればちゃんとできるの。",6laz4byo
2022/02/14 23:52:39,通年,社会環境工学フレッシュセミナー,オムニバス,創造理工学部,社会環境工学科,5,5（易しい、面白い）,5（易しい、面白い）,5（易しい、面白い）,"課題(問題演習や小レポートなど), 小テスト, リアクションペーパー",ふつう,なし,,あり,普通にやっていれば単位は取れるし楽しいです,tzvifuw0
2022/02/14 23:53:39,春学期,創造理工リテラシー,オムニバス,創造理工学部,,4,5（易しい、面白い）,5（易しい、面白い）,3,なし,,なし,,あり,グループワーク、発表けいなので班が真面目なら評価は取りやすいです,tzvifuw0
2022/02/14 23:54:52,春学期,スペイン語1A,那須まどり,創造理工学部,,5,4,3,4,小テスト,きつい,オンラインテスト,きつい,あり,きついけれど、授業は分かりやすいのでためになりました,tzvifuw0
2022/02/14 23:59:27,秋学期,民法Ⅲ(債権総論Ⅱ)Ａ,大澤　慎太郎　先生,法学部,,5,3,3,5（易しい、面白い）,小テスト,ふつう,オンラインテスト,きつい,なし,"・20点満点の小テストと、法学学術大会出席登録の5点ボーナスを合わせて、80点満点の期末試験で35点取れば単位が来るという有難い科目だったの。
・でも、油断は禁物だったの。
・詳細なレジュメに安心して上質な講義を聞き逃したせいで、期末試験で答案がまとまらずに惨敗してしまったの。
・やっぱり講義は大事なの。",6laz4byo
2022/02/15 0:05:35,秋学期,情報セキュリティ技術02,鈴木　朋夫　先生,グローバルエデュケーションセンター（GEC),,3,3,3,1（難しい、つまらない）,課題(問題演習や小レポートなど),ふつう,期末レポート,ふつう,あり,"・毎回講義の最後に課題が提示されるの。
・レジュメを見ながらそれに解答すればいいの。たぶん。
・先生の講義はレジュメ読み上げ型なの。
・倍速でBGMとして流すのをお勧めするの。
・情報系の基礎知識があることが前提だから、学んでない人には先生が何言ってるのか理解不能なの。
・最終課題は情報系の資格試験で出るような文章を読ませて解答を作成するの。",
2022/02/15 7:20:33,通年,数学A2,岩尾昌央,先進理工学部,化学・生命化学科,4,5（易しい、面白い）,5（易しい、面白い）,1（難しい、つまらない）,なし,,期末レポート,楽,なし,授業はリアルタイム形式だが、資料に内容が全て書かれているので出席する必要がなかった。成績はレポート課題のみでつけられ、それも調べればすぐに解ける問題で、また昨年度と全く同じ問題でもあったため、高い評価を得るのは容易である。,tzvifuw0
2022/02/15 7:27:48,秋学期,情報とメディアの社会学者,石倉義博,先進理工学部,,4,4,4,5（易しい、面白い）,課題(問題演習や小レポートなど),楽,期末レポート,ふつう,なし,さまざまなメディアの歴史を詳しく学べて面白かった。授業形式がオンデマンドだったため、自分が好きな時間に見れるのも魅力だった。,tzvifuw0
2022/02/15 7:31:53,秋学期,政治学原論,金田耕一,文学部,,4,4,3,3,"課題(問題演習や小レポートなど), リアクションペーパー",ふつう,期末レポート,楽,あり,発言の機会が多いので積極的に発言すると評価が上がると思う。,yxk1tga4
2022/02/15 7:33:42,秋学期,グリーンマテリアルサイエンス,金　文錫,先進理工学部,化学・生命化学科,3,4,3,2,なし,,期末レポート,ふつう,なし,シラバスには対面授業と書いてあったが、蓋を開けるとリアルタイム授業だった。それも出欠確認のないものだったため、自分はほとんど出席していない。レポート課題は中間と期末の2回。いずれもすべて英語で環境問題に関して自分の意見を述べるものだった。,tzvifuw0
2022/02/15 7:35:00,秋学期,アジア史演習2,飯山知保,文学部,アジア史,4,3,3,4,課題(問題演習や小レポートなど),ふつう,なし,,あり,前半講義で後半は演習で発表となるが、発表の事前準備が結構重たいので計画的にやった方がいいと思った。,yxk1tga4
2022/02/15 7:37:17,その他（クォーター科目など）,総合的な学習・探求論,鈴木亮太,教育学部,,4,4,4,3,リアクションペーパー,ふつう,期末レポート,ふつう,あり,教科書をしっかりと読むことが重要だと思った。,yxk1tga4
2022/02/15 7:39:21,秋学期,アジア史演習6,柿沼陽平,文学部,,3,2,2,3,リアクションペーパー,楽,期末レポート,きつい,あり,期末レポートが重い上に授業にちゃんと出席していないと書けない。,yxk1tga4
2022/02/15 9:20:32,秋学期,フランス語フランス文学演習6,瀬戸直彦,文学部,フランス語フランス文学コース,4,5（易しい、面白い）,5（易しい、面白い）,5（易しい、面白い）,リアクションペーパー,楽,期末レポート,楽,なし,アットホームで居心地がとても良いです。,tzvifuw0
2022/02/15 9:22:17,秋学期,フランス語フランス文学演習4,佐々木匠,文学部,フランス語フランス文学コース,5,5（易しい、面白い）,5（易しい、面白い）,5（易しい、面白い）,課題(問題演習や小レポートなど),ふつう,ペーパーテスト,楽,あり,課題は少し重めではありますが、先生がしっかりとコメントをくれて、授業に出席していれば単位が来ます。とてもおすすめです。,tzvifuw0
2022/02/15 9:24:59,秋学期,フランス語フランス文学演習4,オディール・デュスッド,文学部,フランス語フランス文学コース,4,5（易しい、面白い）,5（易しい、面白い）,4,課題(問題演習や小レポートなど),ふつう,期末レポート,ふつう,あり,先生は生徒のことを1番に考えていて丁寧に指導してくれます。しかしフランス語がある程度できないと授業についていけないかもしれません。ついていけると面白いです。,tzvifuw0
2022/02/15 9:27:43,秋学期,フランス語フランス文学演習4,オディール・デュスッド,文学部,フランス語フランス文学コース,5,5（易しい、面白い）,5（易しい、面白い）,4,課題(問題演習や小レポートなど),ふつう,期末レポート,ふつう,あり,先生が生徒のことを考えてくれているので、とても丁寧に教えてくださいます。フランス語がある程度できないと授業についていくのが厳しいかもしれません。しかしついていけると面白いです。,tzvifuw0
2022/02/15 9:40:19,春学期,計画基礎手法,森本章倫,創造理工学部,社会環境工学科,4,5（易しい、面白い）,4,5（易しい、面白い）,小テスト,楽,ペーパーテスト,ふつう,あり,単位を得るのは楽だが、高評価を得るには期末テストの勉強をしっかりする必要がある。先生がテストで出る内容を口頭で示してくれるので、素直にそれに従うのが良い。,mfulpyia
2022/02/15 9:44:27,秋学期,土質力学B,赤木寛一,創造理工学部,社会環境工学科,5,5（易しい、面白い）,5（易しい、面白い）,2,小テスト,楽,ペーパーテスト,楽,あり,研究室のウェブサイトに載っている過去問を自分で演習すればよいだけ。授業の内容は難しいが、過去問演習を通じて少しは分かるようになる。尚、小テストは選択肢の1を毎回選べば満点が来る。, mfulpyia
2022/02/15 9:48:27,春学期,土質力学A,小峯秀雄,創造理工学部,社会環境工学科,5,5（易しい、面白い）,5（易しい、面白い）,4,課題(問題演習や小レポートなど),きつい,なし,,あり,二週間に一回くらいの割合で1万字のレポートを書く。授業内容をあたかも教員になったつもりでまとめるのが内容である。とても大変だがそれなりに知見は身につく。毎回十分な量を書いて、出せば確実にA＋が来る。,5ir97hwk
2022/02/15 9:51:54,秋学期,景観工学,佐々木葉,創造理工学部,社会環境工学科,5,5（易しい、面白い）,3,5（易しい、面白い）,課題(問題演習や小レポートなど),きつい,ペーパーテスト,楽,なし,二つあるレポートがそれなりに大変だが、取り組むのは楽しいという意見が多いと思う。散歩をして街を観察することが内容だが、心理学的側面と法律的側面の両方で景観を捉えることができるようになる。目から鱗の新しい視点を知れ、街を見る目が変わるので、授業内容としてはとても良いと思う。,5ir97hwk
2022/02/15 9:57:29,秋学期,コンクリート構造学Ａ,秋山充良,創造理工学部,社会環境工学科,4,2,2,5（易しい、面白い）,課題(問題演習や小レポートなど),きつい,ペーパーテスト,きつい,なし,課題は課されるもののほぼ期末テスト一本勝負と言える。60点以上を取らないと問答無用で落とされるらしく、落単する人が多い。授業内容としては主なコンクリートの力学的挙動を包括的に学ぶことができるので、つまらなくはない。ただ、四則演算だけとはいえ、扱う数字が多く計算が大変である。,5ir97hwk
2022/02/15 11:07:00,春学期,建築工学実験B,オムニバス,創造理工学部,建築学科,3,3,2,3,課題(問題演習や小レポートなど),きつい,なし,,あり,毎週実験を行い、そのレポートまたはパワーポイントを提出します。先生と身近に話すことの出来る良い機会ではありますが、忙しい建築学科にとっては大変な科目だと思います。,5ir97hwk
2022/02/15 11:11:05,秋学期,建築表現Ⅲ,オムニバス,創造理工学部,建築学科,4,4,2,3,課題(問題演習や小レポートなど),きつい,なし,,なし,課題を出しましょう...。どんなに徹夜をしても出しましょう...。あとは、エスキスで先生と相談をすればより良い設計が出来ると思います。,5ir97hwk
2022/02/15 11:13:23,春学期,建築計画A,渡邉大志,創造理工学部,建築学科,4,3,2,4,課題(問題演習や小レポートなど),きつい,なし,,なし,授業内容はとても面白いです。最後の週に字数の多めなレポートが来るのでそれを頑張って書いてください！,5ir97hwk
2022/02/15 11:45:01,通年,数学A1（線形代数）,久保隆徹,創造理工学部,社会環境工学科,5,5（易しい、面白い）,5（易しい、面白い）,4,課題(問題演習や小レポートなど),楽,期末レポート,ふつう,なし,毎回問題演習が課されますが、授業時間内に解く時間を与えてくれる上、授業内容や練習問題を参考にすれば簡単に解けます。授業に関する質問をすれば加点されることもあるので、積極的に参加しましょう。,5ir97hwk
2022/02/15 12:33:17,春学期,生命化学A,小出隆規,先進理工学部,化学生命化学科,3,3,2,4,課題(問題演習や小レポートなど),ふつう,ペーパーテスト,きつい,なし,生命化学とは言いつつも多くは生物。中間テストはある年の過去問通りだったが、期末テストはそうではなかった。テスト形式(記述式なのか、〇×問題なのかetc)は質問すれば答えてくれそうなので、テスト前に訊いてみるとよい。説明はわかりやすいが、一方的に説明を受けるだけなので退屈してしまうこともあるだろう。ただ、指名されることもあるので要注意。,5ir97hwk
2022/02/15 12:38:28,春学期,有機化学C,柴田高範,先進理工学部,化学生命化学科,4,5（易しい、面白い）,4,3,課題(問題演習や小レポートなど),ふつう,ペーパーテスト,ふつう,あり,有機化学教科書の中下巻を解説する授業。基本はオンデマンドだが試験は対面。内容は高度なものの、単位はかなり取りやすい。毎回出される課題はほとんど過去問通り。試験は3回あり、いずれも自筆ノートを持込可。試験も過去問からの出題が多い。試験が全然できなくても毎回授業動画を視聴し、課題を全部提出していればAが来る。,5ir97hwk
2022/02/15 12:40:42,秋学期,メカトロニクス,オムニバス,創造理工学部,総合機械工学科,2,3,3,1（難しい、つまらない）,小テスト,楽,オンラインテスト,きつい,あり,スライドの内容を隅から隅までノートに写せばテストは出来るかもしれないがそれが大変。内容はひたすらに電子部品の紹介や回路について説明されるだけなので興味が無いときついです。,5ir97hwk
2022/02/15 12:45:04,秋学期,マテリアルファンダメンタルズ,吉田誠,創造理工学部,総合機械工学科,4,2,2,4,課題(問題演習や小レポートなど),ふつう,ペーパーテスト,ふつう,あり,良い成績を取るにはちゃんと勉強しなければならないが、授業はとても分かりやすいしためになる。,5ir97hwk
2022/02/15 12:47:26,秋学期,マテリアルエンジニアリング,吉田誠,創造理工学部,総合機械工学科,2,2,3,2,課題(問題演習や小レポートなど),きつい,期末レポート,きつい,あり,前半の時期がとにかくノートを取らなければならないのできつい。板書を解読するのが大変。,5ir97hwk
2022/02/15 13:12:24,春学期,生命の思想史,皆吉淳平,先進理工学部,,4,4,4,4,"小テスト, リアクションペーパー",楽,オンラインテスト,ふつう,あり,毎回のリアクションペーパーとまれに課題がある。毎回リアぺをだして試験を受ければ単位はくる。普通にやればAはくる。,5ir97hwk
2022/02/15 13:42:02,秋学期,生命科学B(1),坂内博子、田原優,先進理工学部,電気情報生命工学科,5,3,3,3,課題(問題演習や小レポートなど),楽,ペーパーテスト,ふつう,あり,基本的には楽。,tzvifuw0
2022/02/15 13:43:45,春学期,電磁気学A(1クラス),大久保将司,先進理工学部,電気情報生命工学科,5,3,3,3,課題(問題演習や小レポートなど),ふつう,ペーパーテスト,楽,あり,出席しとけば取れる。友達を作ったら普段の授業は余裕です！,tzvifuw0
2022/02/15 13:45:27,通年,微積,村上順,先進理工学部,,5,3,3,1（難しい、つまらない）,課題(問題演習や小レポートなど),楽,オンラインテスト,楽,あり,オンラインテストなので何しても良い。授業は不思議な感じ,tzvifuw0
2022/02/15 16:30:26,春学期,フランス語I基礎Ｂ　５,松川雄哉,商学部,,5,4,5（易しい、面白い）,4,小テスト,ふつう,ペーパーテスト,ふつう,あり,先生はとても優しいので、単位は取りやすいと思います！良い成績を取ろうと思ったら授業内容をしっかり勉強すると良い。,tzvifuw0
2022/02/15 17:09:02,秋学期,大人のこころ,小塩真司,文学部,,5,4,4,4,"小テスト, リアクションペーパー",,オンラインテスト,,あり,恋愛、結婚、老後のことなど大学生以降に役に立つ知識をたくさん学べる！基本的には小テストと最後のテストをある程度取れれば単位は大丈夫。,tzvifuw0
2022/02/15 17:19:40,その他（クォーター科目など）,日本語を集めるI,久保田美子,グローバルエデュケーションセンター（GEC),,4,5（易しい、面白い）,3,3,"課題(問題演習や小レポートなど), リアクションペーパー",,期末レポート,,あり,出席さえして最後のレポートだけ出せば単位はくれる。毎回グループディスカッションをはさんでくるので寝てたら困る,
2022/02/15 17:25:37,秋学期,Introduction to Language Studies ,オムニバス,国際教養学部,,3,3,2,2,小テスト,,オンラインテスト,,なし,出席はとられないしオンラインだから寝放題だがそんなことしてたら落単する。普通の授業聞いてないと小テスト答えられない。,yxk1tga4
2022/02/15 17:27:46,秋学期,Intensive Studies 22,梅宮悠,文学部,,4,4,4,3,なし,,なし,,あり,英語さえできてプレゼン嫌いじゃなければ楽,
2022/02/15 17:30:40,秋学期,Japanese Economy ,Junnnosuke shinno ,国際教養学部,,2,4,2,1（難しい、つまらない）,課題(問題演習や小レポートなど),きつい,期末レポート,きつい,なし,オンデマのビデオ見なくてもパワポみれば大体はわかる。でも課題が重い。評価も最後まで教えてくれないので成績表示の時の単位取れたかわかる,yxk1tga4
2022/02/15 18:00:06,秋学期,アニメーション文化論2-1,石岡良治,文化構想学部,,4,2,2,3,リアクションペーパー,きつい,期末レポート,きつい,あり,アニメという言葉につられて履修したが、古いものやコアなアニメが出てきて初心者には難しかった。レポートも文化構想にしては重いと思った,tzvifuw0
2022/02/15 18:03:36,春学期,デザイン論,加島卓,文化構想学部,,5,4,4,4,リアクションペーパー,楽,期末レポート,ふつう,あり,デザインと社会学という視点が新鮮で面白かった。レポートも型が決まっているので書きやすかった。先生が信用できる。,tzvifuw0
2022/02/15 18:09:56,秋学期,グローバリゼーションとメディア,高橋利枝,文化構想学部,,3,4,4,2,なし,楽,オンラインテスト,楽,なし,出欠ない。授業は5分から10分の動画2本。楽だが得る学びは少ない。,tzvifuw0
2022/02/15 21:40:27,春学期,基礎統計学,澤田享,スポーツ科学部,,5,5（易しい、面白い）,5（易しい、面白い）,5（易しい、面白い）,リアクションペーパー,楽,なし,,あり,楽勝です,ol4f96sa
2022/02/15 21:41:22,秋学期,公衆衛生学,澤田享,スポーツ科学部,,5,5（易しい、面白い）,5（易しい、面白い）,5（易しい、面白い）,リアクションペーパー,楽,オンラインテスト,楽,あり,期末テストさえ行ければ楽勝です,ol4f96sa
2022/02/15 21:42:48,通年,教養演習Ⅰ・Ⅱ,秋山圭,スポーツ科学部,,5,5（易しい、面白い）,3,4,"課題(問題演習や小レポートなど), リアクションペーパー",ふつう,なし,,あり,ちゃんと出席すれば問題なしです,ol4f96sa
2022/02/15 21:50:42,秋学期,雇用関係法II,鈴木俊晴,社会科学部,,4,3,3,4,"小テスト, リアクションペーパー",ふつう,ペーパーテスト,ふつう,あり,先生こ話がとても面白い！,tzvifuw0
2022/02/15 21:51:27,春学期,雇用関係法I,鈴木俊晴,社会科学部,,4,3,3,4,"小テスト, リアクションペーパー",ふつう,ペーパーテスト,ふつう,あり,先生の話が面白く引き込まれます,tzvifuw0
2022/02/15 21:53:00,秋学期,フランス語,田桐正彦,商学部,,5,5（易しい、面白い）,5（易しい、面白い）,5（易しい、面白い）,小テスト,楽,なし,,あり,出ればとれる,ol4f96sa
2022/02/15 21:54:16,秋学期,フランス語選択,佐々木菜緒,商学部,,4,3,3,3,小テスト,ふつう,ペーパーテスト,ふつう,あり,出れば取れる,ol4f96sa
2022/02/15 21:55:50,秋学期,都市論,岡部遊志,商学部,,5,5（易しい、面白い）,5（易しい、面白い）,3,課題(問題演習や小レポートなど),楽,期末レポート,楽,なし,レポート忘れるな,ol4f96sa
2022/02/15 22:03:39,春学期,基礎数学4,渡邉展也,商学部,,5,4,4,1（難しい、つまらない）,なし,,ペーパーテスト,楽,なし,テストができれば良し,ol4f96sa
2022/02/15 22:04:21,春学期,政治分析入門,久米郁男,政治経済学部,,4,4,4,3,小テスト,,オンラインテスト,,あり,朝起きれれば単位取得可,ol4f96sa
2022/02/15 22:14:14,秋学期,自然地理学Ⅱ,久保純子,教育学部,,3,3,3,3,"小テスト, リアクションペーパー",,オンラインテスト,,あり,授業に参加することが大切である。, mf8q5s0d
2022/02/15 22:14:41,秋学期,基礎会計学8,山口桂子,商学部,,5,4,3,3,"課題(問題演習や小レポートなど), リアクションペーパー",きつい,ペーパーテスト,楽,あり,財務分析レポートが大変,ol4f96sa
2022/02/15 22:14:43,秋学期,ドイツ語文化地誌,山口真人,商学部,,5,5（易しい、面白い）,5（易しい、面白い）,5（易しい、面白い）,リアクションペーパー,ふつう,なし,,あり,出席しとけば単位もらえます。,ol4f96sa
2022/02/15 22:17:15,春学期,基礎統計学1,坂野慎哉,商学部,,5,4,4,3,なし,,ペーパーテスト,ふつう,なし,４月に授業動画が全て公開され、いつ視聴してもよい,ol4f96sa
2022/02/15 22:17:55,秋学期,絵画の見方,益田　朋幸,文化構想学部,文化構想学科,5,5（易しい、面白い）,4,4,なし,,期末レポート,ふつう,あり,毎週期限内に動画見れば取れば出席はOK。ノートしっかり取っておくと期末レポートの設題もサクサク答えられる。,mf8q5s0d
2022/02/15 22:21:32,秋学期,民法Ⅱ（物権法）,白石大,法学部,,3,2,1（難しい、つまらない）,3,小テスト,楽,オンラインテスト,きつい,なし,レジュメはわかりやすい。試験は難しい。,l3gxukyd
2022/02/15 22:23:20,秋学期,テレビ文化論,長谷正人,文化構想学部,,5,5（易しい、面白い）,4,5（易しい、面白い）,なし,,オンラインテスト,ふつう,あり,出席はオンラインで授業参加するか、授業の録画をあとで見て問題に答えるか。期末テストで高評価狙うならそれまでの授業をちゃんと聞いて理解しておく必要がある。でも先生の雑談のようでちゃんと勉強になる話は面白いので飽きずに聞ける。,mf8q5s0d
2022/02/15 22:24:30,秋学期,法政策論ⅡB,水島朝穂,法学部,,4,5（易しい、面白い）,4,4,リアクションペーパー,楽,ペーパーテスト,楽,あり,任意レポート出して、テストにまともなこと書けばどうにかなる。テスト勉強は2～3日あれば十分。,l3gxukyd
2022/02/15 22:29:39,秋学期,映画ジャンル論,木原 圭翔,文化構想学部,,5,5（易しい、面白い）,5（易しい、面白い）,5（易しい、面白い）,リアクションペーパー,楽,期末レポート,ふつう,あり,ハイブリッド型だった。パワポで映画に関する様々な理論を説明し、実際の作品の鑑賞する。リアクションペーパーは、日によって違うが授業後1時間くらい以内の提出なので注意。レポートは与えられた複数のテーマから選んで書く。,
2022/02/15 22:46:20,春学期,堆積学I,太田亨,教育学部,理学科地球科学専修,4,3,4,3,なし,,オンラインテスト,ふつう,あり,しっかりと対策すれば単位はくる,mkyor75l
2022/02/15 22:59:58,その他（クォーター科目など）,レズセックス概論,オムニバス,国際教養学部,,1,3,2,3,課題(問題演習や小レポートなど),きつい,オンラインテスト,楽,なし,しんどさはある。,mf8q5s0d
2022/02/15 23:12:28,秋学期,選択基礎演習6,鈴木雅雄,文学部,,4,4,3,3,なし,,なし,,あり,フランスの思想家の芸術論の文章を読んで(ロラン・バルト、ミッシェル・フーコー等)議論しあう形式の授業です。内容がとても難しいですが予習(文章の要約)と自分の意見をしっかりと発言できれば単位は取れると思います。少人数だったので和気藹々とした雰囲気でした。テストやレポートがないのが助かりました。,yxk1tga4
2022/02/15 23:17:43,秋学期,フランスの歴史と社会,佐々木匠,文学部,,4,4,4,4,リアクションペーパー,ふつう,期末レポート,ふつう,あり,フランスの歴史を古代からざっくりと追っていき、フランス独特の文化(芸術、お菓子、習慣等)についても見ていくオンデマンド方式の授業。先生の留学時代の話や童話の紹介など内容が充実していて聞いていてとても面白い授業でした。,yxk1tga4
2022/02/15 23:24:08,秋学期,オペレーションズリサーチ,オムニバス,創造理工学部,経営システム工学科,5,5（易しい、面白い）,3,4,"課題(問題演習や小レポートなど), 小テスト",楽,ペーパーテスト,楽,あり,過去問持ってれば楽, mf8q5s0d
2022/02/15 23:25:28,秋学期,経済学原論,熊谷善彰,文学部,,2,2,2,1（難しい、つまらない）,課題(問題演習や小レポートなど),ふつう,オンラインテスト,きつい,なし,オンデマンド方式だが毎回の動画時間が90分超あり、内容も複雑で難しめなのであまりおすすめはできないといった印象でした…ただ数回の課題をこなせば単位は取れると思います,yxk1tga4
2022/02/15 23:38:58,秋学期,ロシア現代文学,神岡理恵子,文学部,,5,4,4,5（易しい、面白い）,リアクションペーパー,ふつう,期末レポート,ふつう,あり,レポートと毎回の課題(短編小説を読みレビューシートを書く)を提出すれば単位はもらえる。基本リアルタイムだが授業の録画動画を視聴した場合も出席が認められる。,yxk1tga4
2022/02/15 23:42:52,秋学期,ロシア語ロシア文学演習3,坂庭淳史,文学部,,5,4,3,5（易しい、面白い）,課題(問題演習や小レポートなど),きつい,期末レポート,きつい,あり,毎回の授業で古典的なロシア文学の短編小説を読み、読書ノートを提出するのが大変。先生の知識が広く、授業は面白い。,yxk1tga4
2022/02/15 23:47:26,秋学期,現代家族と法II,オムニバス,法学部,,4,3,3,3,"課題(問題演習や小レポートなど), リアクションペーパー",ふつう,ペーパーテスト,ふつう,あり,毎回の課題は面倒でも毎回出すべき。ペーパーテストは過去問が出るので、満遍なく対策しておけば何とかなります。相続とかの将来にも役立ちそうな身近な民法を取り扱うのでちゃんと聞けば興味深いし面白いと思います。,6laz4byo
2022/02/15 23:58:05,秋学期,環境工学,榊原豊,創造理工学部,社会環境工学科,4,4,4,3,小テスト,,オンラインテスト,,あり,みんなで協力することが大切,5ir97hwk
2022/02/16 0:00:03,秋学期,文学論,オムニバス,創造理工学部,,4,3,3,4,リアクションペーパー,,期末レポート,,あり,楽しいけど、ロシア文学を読む課題は前々から取り組むべき。,5ir97hwk
2022/02/16 0:01:47,春学期,CBD1,エリック・ウォン,創造理工学部,,2,4,3,2,課題(問題演習や小レポートなど),,期末レポート,,あり,早口だからいちいち質問して確認すべき。,5ir97hwk
2022/02/16 7:54:17,秋学期,法政策論ⅡB,水島朝穂,法学部,,5,5（易しい、面白い）,4,5（易しい、面白い）,なし,,ペーパーテスト,ふつう,なし,任意レポートは出そう！,mf8q5s0d
2022/02/16 8:28:45,春学期,心理学概論1,オムニバス,文学部,,4,3,3,4,"課題(問題演習や小レポートなど), 小テスト",,期末レポート,,なし,3回程度で教授が変わる、オムニバス形式。学期末には誰か1人の教授の講義内容について選択してレポートをかく。単位をくれるかは教授次第。,tzvifuw0
2022/02/16 12:06:17,秋学期,教育学演習（教育学の展望1）,沖清豪　梅本洋,文学部,教育学コース,4,4,2,4,なし,,期末レポート,ふつう,あり,授業の前半期間は課題図書についてのプレゼン、後半期間はディベートをどちらもグループワークで取り組む。2人の先生はどちらも穏やかで、普通に授業を受けていれば、怒られないし、単位もくれる。ただ、良い成績を取ろうと思うと、積極的な発言などが必要で大変かもしれない。,l3gxukyd
2022/02/16 13:54:52,春学期,言語表現論1,笹原宏之,社会科学部,,4,5（易しい、面白い）,4,5（易しい、面白い）,課題(問題演習や小レポートなど),ふつう,期末レポート,ふつう,あり,毎週の授業での課題に取り組むことで出席になるので授業の楽しさを感じられれば授業自体は重くなく単位取得も難しくない。,9vi8ujfm
2022/02/16 13:57:50,春学期,政治学,オムニバス,社会科学部,,3,3,2,2,なし,,ペーパーテスト,,なし,過去問があれば過去問を入手してレジュメをまとめる。テスト100%なのでテストを頑張ること,9vi8ujfm
2022/02/16 14:00:28,春学期,社会科学のための基礎コンピュータ E,佐野雅隆,社会科学部,,3,3,3,3,課題(問題演習や小レポートなど),ふつう,期末レポート,ふつう,あり,毎週出される課題は教科書があればできるものですが、Excelに慣れることが大事。苦手でもCはくるはず,9vi8ujfm
2022/02/16 14:03:07,春学期,社会科学基礎A,吉田敬,社会科学部,,4,4,3,3,小テスト,楽,期末レポート,きつい,あり,期末課題の4000字レポートは引用をうまく使って埋めること。毎週簡単なミニテストと最後のレポートさえこなせば高い評価は難しくても必ず単位はくる。,9vi8ujfm
2022/02/16 14:04:45,春学期,社会デザイン論入門B,オムニバス,社会科学部,,5,5（易しい、面白い）,4,5（易しい、面白い）,小テスト,ふつう,期末レポート,ふつう,あり,内容はだんだん面白くなる。ハマれば楽しい授業。,9vi8ujfm
2022/02/16 14:07:55,春学期,フランス語2基礎A,柴田惠美,社会科学部,,5,5（易しい、面白い）,4,4,小テスト,ふつう,ペーパーテスト,ふつう,あり,毎授業でテンション高め。ただの座学にならないので退屈はしないし頭に入りやすい。テストも授業を受けていればできるレベルで難しくない。,9vi8ujfm
2022/02/16 14:11:24,春学期,フランス語1基礎A,大前元伸,社会科学部,,4,5（易しい、面白い）,5（易しい、面白い）,4,小テスト,きつい,ペーパーテスト,きつい,あり,しっかり毎週出席しテストも受ければテストの点数がたとえ低くても必ず単位がくる。出席いのち！,9vi8ujfm
2022/02/16 16:24:40,秋学期,コンピュータアーキテクチャA,笠原　博徳／木村　啓二,基幹理工学部,情報理工、情報通信学科,5,3,4,4,課題(問題演習や小レポートなど),,オンラインテスト,,あり,テストは授業内課題の類題なので、しっかり復習すれば問題ない。過去問と大問丸々１つ同じだったので、過去問もらえれば楽！笑,5ir97hwk
2022/02/16 16:27:03,通年,スペイン語基礎5,櫻井美智子,人間科学部,,1,1（難しい、つまらない）,1（難しい、つまらない）,1（難しい、つまらない）,課題(問題演習や小レポートなど),きつい,オンラインテスト,ふつう,あり,"5欠でも単位を取得していた友人がいたため、試験で点数を取れれば単位は取れる模様。(実際に先生もたくさん欠席した方はテスト頑張ってくださいと言っていた)
テストは基本的に教科書の問題と授業中の補足を抜粋した感じだったので教科書が完璧であれば点数は取れる。
授業自体はマニアックな雑学が多く、興味ある人は面白いかもしれないが私はつまらなく感じた。ヒステリックおばさん先生です。",tzvifuw0
2022/02/16 16:31:02,春学期,社会福祉概論,上鹿渡 和宏,人間科学部,,4,4,3,3,課題(問題演習や小レポートなど),楽,期末レポート,楽,あり,基本的には毎週の課題をこなせば単位をもらえる印象。期末レポートが2つあり、1つは字数自由でそんなに苦ではなかった。もう1つは授業の内容を問うものだったが、毎授業PDFが配布され、動画の視聴期限もなかったため時間は少し取られるが楽だと思った。,tzvifuw0
2022/02/16 17:03:42,春学期,インテンシブ西語(初級) Ⅰ,オムニバス,政治経済学部,,4,5（易しい、面白い）,5（易しい、面白い）,4,小テスト,ふつう,ペーパーテスト,ふつう,あり,週4回授業があるので仲良くなります。,lgzjd6y2
2022/02/16 17:06:43,春学期,ミクロ経済学入門　01,田中　久稔,政治経済学部,,5,5（易しい、面白い）,5（易しい、面白い）,5（易しい、面白い）,"課題(問題演習や小レポートなど), 小テスト",ふつう,ペーパーテスト,ふつう,なし,授業めちゃくちゃ面白いです。,lgzjd6y2
2022/02/16 17:11:45,春学期,Spanish 1,イザベルガラカルロス,国際教養学部,,4,5（易しい、面白い）,3,2,課題(問題演習や小レポートなど),,オンラインテスト,,あり,英語で授業が進むのでわかりやすい。教授は生徒の態度に対して若干厳しいところがあるが、第二外国語習得の効果的なノウハウを利用してくれるので学習の精度が高まる。,
2022/02/16 17:16:09,秋学期,Introduction to History,岡本公一,国際教養学部,,3,5（易しい、面白い）,2,2,"課題(問題演習や小レポートなど), 小テスト",,オンラインテスト,,なし,主に戦時中の歴史を例に取り上げて歴史の読み解き方を学ぶが、ほぼ教授の趣味の範囲。教授の英語がカタコトなのでわかりにくい。日本語だったら面白かったかも。,
2022/02/16 17:23:25,その他（クォーター科目など）,体験の言語化-世界と自分　14,佐々木俊介,グローバルエデュケーションセンター（GEC),,5,5（易しい、面白い）,4,5（易しい、面白い）,なし,,なし,,あり,自分の心にひっかかった場面と社会問題をつなげて考え、最終講で5分間のスピーチにして発表する。少人数制対面でゆるい雰囲気で、他学年他学部とも仲良くなれるのでおすすめ。,
2022/02/16 18:09:00,春学期,空間デザイン,佐々木葉,創造理工学部,社会環境工学科,4,4,3,2,リアクションペーパー,ふつう,期末レポート,ふつう,なし,対面授業はあるけど出なくても単位取れます！,
2022/02/16 19:33:49,秋学期,西洋教育史II,藤井千春,教育学部,教育学科,2,4,4,1（難しい、つまらない）,課題(問題演習や小レポートなど),きつい,期末レポート,ふつう,あり,先生が話している内容はほぼレジュメと教科書に書いてあります。毎回800字程度の課題を提出しなければならないのがけっこうきつかったです。,mkyor75l
2022/02/16 23:21:04,春学期,芸能論,和田　修,文学部,,5,5（易しい、面白い）,3,3,なし,,期末レポート,楽,なし,期末レポートさえ書けば単位が取れる！ただ内容がしっかりしていないと高い評価はつけてくれない。単位が欲しい人向け。,pd2jug13
2022/02/16 23:23:14,春学期,人工知能とサイボーグ,高橋　透,文学部,,5,5（易しい、面白い）,3,5（易しい、面白い）,なし,,期末レポート,楽,なし,期末レポートだけ提出すれば単位が取れる。内容も本を読んで自分の意見を書くだけなので楽チン！楽単！,pd2jug13
2022/02/16 23:25:11,春学期,イメージと祝祭,菅　香子,文学部,,5,5（易しい、面白い）,3,2,リアクションペーパー,楽,期末レポート,楽,あり,毎回の授業を受けて感想を書けば出席。期末レポートを提出すれば単位が取れる。内容も授業を聞いていれば書けるので簡単！,pd2jug13
2022/02/16 23:27:18,春学期,ユートピアも性,草野　慶子,文学部,,5,5（易しい、面白い）,3,5（易しい、面白い）,リアクションペーパー,楽,期末レポート,楽,あり,毎回の授業後感想を書く。内容も面白いので苦でない。期末レポートを提出すれば単位が取れる。楽しく簡単に単位が取れるのでおすすめ！,pd2jug13
2022/02/16 23:29:21,春学期,都市景観の保存学,田畑　幸嗣,文学部,,5,5（易しい、面白い）,5（易しい、面白い）,2,小テスト,楽,なし,,あり,毎回の授業後小テストを解けば出席になる。小テストも授業のレジェメに全て載っているので簡単。期末レポートもなし。簡単にA +がとれる。,pd2jug13
2022/02/16 23:30:19,秋学期,マクロ経済学A,片山宗親,政治経済学部,経済学科,5,3,3,5（易しい、面白い）,小テスト,ふつう,ペーパーテスト,ふつう,なし,授業はしっかり聞くべし。すごくわかりやすい説明をしてくれる。質問も答えてくれるのでリアルタイム授業参加推奨。,
2022/02/16 23:31:01,春学期,感情・人格心理学,小塩　真司,文学部,,5,5（易しい、面白い）,4,5（易しい、面白い）,リアクションペーパー,楽,オンラインテスト,楽,あり,毎回の授業後小テストを解けば出席になる。期末テストも小テストと同じ問題が出るので復習すれば簡単。単位がとりやすい,pd2jug13
2022/02/16 23:32:56,春学期,社会学概論1,池田　祥英,文学部,,3,5（易しい、面白い）,4,4,リアクションペーパー,楽,期末レポート,ふつう,あり,毎回の授業後感想と小テストを解くことで出席になる。期末レポートは少し大変。授業をしっかり聞いておく必要あり。,pd2jug13
2022/02/16 23:34:19,秋学期,日本経済思想史,石井寿美世,政治経済学部,経済学科,4,3,3,5（易しい、面白い）,"課題(問題演習や小レポートなど), 小テスト",ふつう,オンラインテスト,きつい,なし,毎週、レジュメに書き込み必須。テストはそこから!,
2022/02/16 23:34:36,春学期,社会調査法1,草野　悦子,文学部,,3,3,2,2,小テスト,楽,期末レポート,きつい,あり,毎回の授業後小テストを解くことで出席。期末レポートが大変。しっかりと授業を聞いていないと書けないので注意が必要。,pd2jug13
2022/02/16 23:36:08,秋学期,身体メディア論,和田　修,文学部,,5,5（易しい、面白い）,4,2,なし,,期末レポート,ふつう,なし,出席なし。期末レポートさえ書いて提出すれば単位がくる。ただ期末レポートを書くのは少し大変かも。,pd2jug13
2022/02/16 23:36:19,秋学期,マクロ経済学A,片山宗親,政治経済学部,経済学科,5,3,3,5（易しい、面白い）,小テスト,ふつう,ペーパーテスト,ふつう,なし,非常にわかりやすく解説してくださる。録画は残るが、リアルタイム推奨。質問にも答えてくださるので毎回授業しっかり聞いた方がいいです。,ol4f96sa
2022/02/16 23:37:33,秋学期,社会学概論2,池田　祥英,文学部,,3,3,2,2,小テスト,楽,期末レポート,ふつう,あり,"毎回の授業後小テストを解けば出席になる。期末レポートは少し大変なので授業をしっかり聞いていないといけない,",pd2jug13
2022/02/16 23:38:28,秋学期,経済政策,安達剛,政治経済学部,国際経済学科,5,5（易しい、面白い）,4,5（易しい、面白い）,小テスト,楽,ペーパーテスト,楽,なし,毎回の小テストとグループワークが命。言葉通りの命。,ol4f96sa
2022/02/16 23:39:02,秋学期,社会調査法2,笹野　悦子,文学部,,3,4,2,2,小テスト,楽,期末レポート,きつい,あり,毎回の授業後小テストを解けば出席になる。期末レポートが大変なので授業を集中して聴く必要あり。高い評価を取るのは難しい。,pd2jug13
2022/02/16 23:42:48,秋学期,社会学研究2(グローバリゼーション論2),田辺　俊介,文学部,,5,5（易しい、面白い）,3,5（易しい、面白い）,リアクションペーパー,楽,期末レポート,ふつう,あり,毎回の授業後感想を書けば出席。期末レポートも授業を聞いておれば書ける。普通にやっていれば単位が取れる。,pd2jug13
2022/02/16 23:45:04,秋学期,社会学研究12(現代社会への視角2),草柳　千早,文学部,,5,5（易しい、面白い）,3,5（易しい、面白い）,小テスト,楽,期末レポート,ふつう,あり,授業の内容が面白いので受けるのが苦ではない。出席して期末レポートを提出すれば単位が取れる。期末レポートも授業を聞いておれば大丈夫。,pd2jug13
2022/02/17 9:58:51,秋学期,FORTRANプログラミング　情報・機航・電子物理・表現・通信・国際,伊藤　国浩,基幹理工学部,情報・機航・電子物理・表現・通信・国際,4,5（易しい、面白い）,5（易しい、面白い）,4,課題(問題演習や小レポートなど),,期末レポート,,なし,スライド見ながら課題をやる。提出期限直前になると回答例がアップされるので、最悪それを写せばなんとかなる。,5ir97hwk
2022/02/17 17:37:33,秋学期,人文地理学Ⅱ,箸本けんじ,教育学部,,4,2,3,4,なし,,ペーパーテスト,きつい,なし,授業内容をまとめておくこと。,mf8q5s0d
2022/02/17 18:21:06,秋学期,経済数学入門07,井上淳,政治経済学部,,4,4,2,2,なし,,ペーパーテスト,きつい,なし,先生が神です！数学が苦手な人でも単位が取れるようにさまざまな問題や解説をくれます。さらに全ての動画を期限内に見ることで期末テストで加点してくれます。高い評価を取るには勉強が必要ですが、数学が苦手だけど単位を取りたい人におすすめの授業です。,p560gq8c
2022/02/17 18:28:59,春学期,論理学01,平尾始,政治経済学部,,3,4,4,1（難しい、つまらない）,小テスト,楽,オンラインテスト,楽,なし,授業は正直難しいですが、テストは友達と協力することで簡単に終わらせられます。出席がないのでテストの前にだけ動画を見直しておくだけでも点数が取れると思います。,p560gq8c
2022/02/17 21:35:25,春学期,中国語初級I,波多野眞矢、孫キ,政治経済学部,,3,2,2,3,"課題(問題演習や小レポートなど), 小テスト",ふつう,ペーパーテスト,きつい,あり,小テストなど普通にこなしていれば大丈夫だが、最後のテストがきつかった。,l3gxukyd
2022/02/17 21:36:32,春学期,中国語初級I,波多野眞矢、孫キ,政治経済学部,,3,2,2,3,"課題(問題演習や小レポートなど), 小テスト",ふつう,ペーパーテスト,きつい,あり,最後のテストが結構きつかった,l3gxukyd
2022/02/17 22:59:47,春学期,音と音楽の表現領域,菅野　由弘,創造理工学部,,5,4,4,5（易しい、面白い）,"課題(問題演習や小レポートなど), なし",楽,なし,,あり,春学期に3回、プロによるコンサートを生で聞けるので、取る価値が充分あると思います。,5ir97hwk
2022/02/17 23:56:03,春学期,2年法学演習D,喜友名菜織,法学部,,5,5（易しい、面白い）,5（易しい、面白い）,5（易しい、面白い）,課題(問題演習や小レポートなど),楽,なし,,あり,今ホットな家族法について優しい先生が丁寧に説明してくださる。少人数で楽しい授業だった。,bouqs30t
2022/02/17 23:59:54,その他（クォーター科目など）,アイヌ語＜口承文芸＞(入門),児島恭子,グローバルエデュケーションセンター（GEC),,4,5（易しい、面白い）,5（易しい、面白い）,5（易しい、面白い）,課題(問題演習や小レポートなど),ふつう,なし,,あり,アイヌ語の専門家である先生から、主にアイヌ語の文法や文化について教わったり、一緒に文章を読んでいったりする。アイヌ語の実際の音源等を聞かせて頂き、貴重な時間だった。,bouqs30t
2022/02/18 10:17:18,春学期,基礎の数学,青木　琢哉,基幹理工学部,,3,5（易しい、面白い）,5（易しい、面白い）,1（難しい、つまらない）,課題(問題演習や小レポートなど),ふつう,期末レポート,ふつう,なし,レポートを出せば単位がきます。毎回のレポートを出せばAは固いと思う。,5ir97hwk
2022/02/18 10:20:55,春学期,工学系のモデリングA,オムニバス,基幹理工学部,,3,5（易しい、面白い）,3,2,課題(問題演習や小レポートなど),きつい,ペーパーテスト,きつい,あり,毎回の課題が難しかった。中間試験を寝坊して受けれなかったが、単位が来たので毎回の課題をちゃんとやれば単位は絶対にくる,5ir97hwk
2022/02/18 10:23:51,春学期,中国語初級IA,和　平,基幹理工学部,,4,5（易しい、面白い）,5（易しい、面白い）,1（難しい、つまらない）,小テスト,楽,オンラインテスト,楽,あり, A＋や Aは比較的出やすい印象,5ir97hwk
2022/02/18 12:48:25,春学期,スペイン語演習I1(文化の諸相)B,阿由葉恵利子,教育学部,教育学科,5,3,3,2,"課題(問題演習や小レポートなど), 小テスト",ふつう,オンラインテスト,ふつう,あり,ちゃんと出席し課題を出せば順当に成績を取得できるはずです。ただ、全然面白くないです。,o8iu05j2
2022/02/18 12:52:08,春学期,ジェンダー・スタディーズ(身近なことを視座にして),金井景子,教育学部,教育学科,5,5（易しい、面白い）,5（易しい、面白い）,5（易しい、面白い）,課題(問題演習や小レポートなど),ふつう,なし,,なし,ちゃんとやれば結構楽しいし、ジェンダーについての適切な知識をユニークな課題を通して身につけることができる。特に最終課題のラップはチャレンジする価値アリ。,o8iu05j2
2022/02/18 12:56:47,その他（クォーター科目など）,地中海世界に生きた人々(遺産編),宮城徳也,グローバルエデュケーションセンター（GEC),,5,4,4,4,リアクションペーパー,ふつう,期末レポート,ふつう,なし,地中海世界に関連する映像を見たり、関連する事柄を取り上げて発表したりするのが非常に楽しい。,o8iu05j2
2022/02/18 12:58:29,その他（クォーター科目など）,地中海世界に生きた人々(芸術編),宮城徳也,グローバルエデュケーションセンター（GEC),,5,4,4,4,リアクションペーパー,ふつう,期末レポート,ふつう,なし,リアクションペーパーとプレゼン、最終レポートをきちんとやれば大丈夫です。,o8iu05j2
2022/02/18 13:02:32,通年,スペイン語の基礎E,金澤直也,教育学部,,5,3,3,1（難しい、つまらない）,"課題(問題演習や小レポートなど), 小テスト",ふつう,オンラインテスト,楽,なし,びっくりするくらい面白くなかった。,o8iu05j2
2022/02/18 13:07:08,春学期,英語中級コミュニケーション1W,新井拓磨,教育学部,,4,3,3,5（易しい、面白い）,課題(問題演習や小レポートなど),ふつう,期末レポート,ふつう,なし,自分の好きなトピックで英語のエッセイを書くというものだった。先生が根気よく伴走してくれるので萎えずに取り組むことができた。感謝しかない。,o8iu05j2
2022/02/18 13:14:59,春学期,西洋教育史Ⅰ,菱刈晃夫,教育学部,,4,5（易しい、面白い）,3,4,リアクションペーパー,ふつう,なし,,あり,「習慣」という観点から西洋の教育史を概観した。西洋思想における身体と魂の関係性が非常に興味深く、楽しく学べた。,o8iu05j2
2022/02/18 13:16:31,春学期,教育社会学A,菊地栄治,教育学部,,4,3,3,5（易しい、面白い）,課題(問題演習や小レポートなど),ふつう,期末レポート,ふつう,あり,先生のお話が面白い。社会学的視座を適切に身につけることができるような授業だった。,o8iu05j2
2022/02/18 13:25:10,春学期,教育哲学研究2,池田全之,教育学部,,5,3,3,5（易しい、面白い）,課題(問題演習や小レポートなど),ふつう,期末レポート,ふつう,なし,「教育」とつくものの、実際は普通に哲学研究。大半何言ってるか分からず頭がおかしくなりそうになるが、分からないなりに考えるのは楽しかった。先生が一人ひとりのレポートにコメントをしっかり付してくれるのが良かった。,o8iu05j2
2022/02/18 16:04:49,秋学期,児童文学,久米依子,文化構想学部,,4,4,3,3,"課題(問題演習や小レポートなど), リアクションペーパー",ふつう,期末レポート,楽,なし,教科書が無いとリアペに解答できないので早めに買っておくが吉です。リアペや期末レポートは全く難しくない。,cn2e0r3u
2022/02/18 16:07:51,秋学期,越境する女性の文学,草野慶子,文化構想学部,,4,4,3,3,"課題(問題演習や小レポートなど), リアクションペーパー",ふつう,期末レポート,楽,なし,慈悲深さに定評のある草野先生なので単位は取りやすいです。現代女性作家が好きな人なら取って損は無いと思う。リアペはユニークなお題が出されたりする。,cn2e0r3u
2022/02/18 16:11:36,春学期,現代人間論系演習（心をしらべる・心理学実験）,上野雄己,文化構想学部,,4,3,3,4,リアクションペーパー,ふつう,なし,,あり,結構難しいこともやる、と初回授業で脅してきたけど思ったより難しくなかったです。先生は声が大きく体育会系だがとても優しい。がっつり調査や統計、発表までやるのでまあまあ負担は大きいが楽しい。,cn2e0r3u
2022/02/18 18:39:50,春学期,日本史概説I,大橋　幸泰,教育学部,地理歴史専修,5,4,3,3,"課題(問題演習や小レポートなど), リアクションペーパー",ふつう,ペーパーテスト,楽,なし,試験を受ける権利となる小レポートを出せば勝ち。レポートは読書感想文で良い。,dfar07bu
2022/02/18 18:43:05,春学期,地誌学I,池　俊介,教育学部,社会科地理歴史,4,3,3,4,なし,,ペーパーテスト,ふつう,あり,毎回の授業に出ることよりもノートを手に入れて試験勉強すれば良し。,dfar07bu
2022/02/18 18:44:22,春学期,地理学概論I,山内　昌和,教育学部,社会科地理歴史,4,4,3,3,課題(問題演習や小レポートなど),ふつう,なし,,なし,課題を毎回やれば単位がくる。,dfar07bu
2022/02/18 19:26:55,通年,フランス語の基礎C,岡本健　三宅京子,教育学部,,4,4,4,3,"課題(問題演習や小レポートなど), 小テスト",ふつう,期末レポート,楽,あり,岡本先生は優しく授業も面白かったが、月曜1時限なのがきつかった。寝てても怒られないが携帯は怒られる。テスト問題の一部が先に配布されるので単位は余裕,dfar07bu
2022/02/18 19:29:40,春学期,西洋史概説Ⅰ,堀越宏一,教育学部,社会科,3,3,4,2,小テスト,楽,期末レポート,ふつう,なし,前半は教授の専門外なのでつまらない。後半が教授の専門の内容になってきて面白く感じた。やる気が無いと割ときつい,dfar07bu
2022/02/18 20:12:03,春学期,文化人類学I,國弘暁子,文化構想学部,,4,5（易しい、面白い）,5（易しい、面白い）,4,"課題(問題演習や小レポートなど), リアクションペーパー",楽,期末レポート,,あり,文化構想学部では数少ない対面の講義です。とても人気で、皆のリアクションペーパーを見ると意欲のある人が多いです。毎回の授業で出欠をとり、簡単なリアクションペーパーを提出します。期末には3000字程度のレポートを書きますが、真面目に出席・提出すればA +が来ます！,zyarepth
2022/02/18 20:53:48,秋学期,日本語日本文学演習8D,森山卓郎,文学部,,4,3,2,3,なし,,期末レポート,ふつう,なし,先生がとにかく穏やかでおもしろい！日常の日本語のおもしろさを学べます！自分でテーマを決めて1講義2人ずつ発表し、議論します。,cn2e0r3u
2022/02/18 20:55:29,秋学期,日本語日本文学研究6,森山卓郎,文学部,,3,3,2,3,課題(問題演習や小レポートなど),ふつう,期末レポート,ふつう,なし,日本語の文体について考えます。歌詞や詩、キャッチコピーなど身近な文章をもとに日本語の特徴について学びます。,cn2e0r3u
2022/02/18 20:58:13,秋学期,日本語日本文学研究3,兼築信行,文学部,,2,3,2,1（難しい、つまらない）,小テスト,楽,オンラインテスト,ふつう,あり,中世文学について学びます。先生のマニアックな話が続きます。小テストは先生が答えを言ってくれるので入力するだけ。期末はテストなので、ある程度復習が必要！,cn2e0r3u
2022/02/18 21:04:20,春学期,中国語イ,南勇,文学部,,4,2,3,3,"課題(問題演習や小レポートなど), 小テスト",ふつう,オンラインテスト,ふつう,あり,"リスニングで単語の日本語訳→文章の日本語訳→日本文の中訳を順繰りに当てられる。
リスニングの文は事前にダウンロードしておけるので、授業までに書き取り＆軽く日本語訳をしておかないと指された時分からない。あまりにも分からないと、予習をやっていないのかと詰められる。
当て方は画面に表示される名簿通りなので自分が当たる問題は把握しやすい。",1cb0h8a4
2022/02/18 21:06:02,秋学期,現代韓国外交と北朝鮮,李　鎔哲,社会科学部,,5,5（易しい、面白い）,4,4,課題(問題演習や小レポートなど),楽,期末レポート,楽,なし,15分程度の動画を毎週3つ。200×2の感想というかまとめを毎週だす。期末は北朝鮮に関する1時間の動画を400文字。リアルタイムな内容に加え比較的取りやすい単位。,dfar07bu
2022/02/18 21:09:06,秋学期,近代日本の思想空間,熊谷征一郎,文化構想学部,,5,5（易しい、面白い）,4,5（易しい、面白い）,"課題(問題演習や小レポートなど), リアクションペーパー",楽,なし,,あり,レポートは200字以上書けばいいので楽です,1cb0h8a4
2022/02/18 21:22:46,春学期,金融論,中島真志,法学部,,5,4,4,4,課題(問題演習や小レポートなど),,オンラインテスト,,なし,フルオンデマンドなので、毎週簡単な練習問題を出し、レポートとテストをこなせば大丈夫です！テストは毎週の練習問題に酷似したものばかりで簡単ですが、テストを受ける要件となるレポートは少々重いです。,dfar07bu
2022/02/18 21:25:32,春学期,宗教学I,加藤之晴,法学部,,5,4,4,4,なし,,期末レポート,ふつう,なし,期末レポートを書く以外することはありません。期末レポートも、2000文字で少しでも授業に関連してればいいので、楽勝です。,dfar07bu
2022/02/18 21:27:56,春学期,導入演習7,河野真理子,法学部,,4,4,4,3,なし,,期末レポート,きつい,あり,期末レポートは国際法の判例についてで、8000字ほどだったと思います。グループプレゼンテーションもかなり大変です。先生は一年生だからといって容赦ありません。普段は優しいですが、、、,dfar07bu
2022/02/18 21:33:46,秋学期,文学論IC,鈴木理恵子,法学部,,4,4,4,3,なし,,オンラインテスト,楽,あり,イギリス文学をオールイングリッシュで取り扱います。ほぼ全員が英語ペラペラの帰国子女な上、何度も発言しなければならないので、純ジャパにはだいぶ辛いです。ただ、クラス一英語ができなかった純ジャパの私でもA +だったので、英語力は評価に全く関係ないと思います。課題もないしテストも自分の考えを書くだけなので、真面目に授業に出てれば楽勝です。,dfar07bu
2022/02/19 0:09:47,秋学期,化石と化学,不明,教育学部,,4,5（易しい、面白い）,5（易しい、面白い）,4,"課題(問題演習や小レポートなど), リアクションペーパー",楽,なし,,なし,とてもらくです,1cb0h8a4
2022/02/19 1:25:39,秋学期,数学特論6,駒野雄一,教育学部,,3,3,3,3,"課題(問題演習や小レポートなど), リアクションペーパー",,期末レポート,,なし,毎回リアクションペーパー出して、期末課題やれば取れます！期末課題はググりまくりましょう！,1cb0h8a4
2022/02/19 1:27:35,秋学期,情報数学4,小柴健史,教育学部,,2,2,2,1（難しい、つまらない）,"課題(問題演習や小レポートなど), リアクションペーパー",,期末レポート,,なし,きちい,1cb0h8a4
2022/02/19 11:08:44,秋学期,ロシア語ロシア文学演習4,中堀正洋,文学部,,4,3,3,3,なし,,期末レポート,ふつう,あり,普段の授業はカメラオフのリアルタイム講義で課題もないので楽だが、期末レポートが4000字と割ときつい。,yxk1tga4
2022/02/19 11:11:33,秋学期,ロシア語史,丸山由紀子,文学部,,4,2,1（難しい、つまらない）,3,課題(問題演習や小レポートなど),きつい,なし,,あり,毎回の課題の難易度が高く、レジュメは配られるが授業を聞いていないと大変。期末テストはなく、毎回の課題の点数が成績評価につながる。,yxk1tga4
2022/02/19 11:15:39,秋学期,ロシア語学,三浦清美,文学部,,4,3,3,2,課題(問題演習や小レポートなど),きつい,オンラインテスト,きつい,あり,毎回、文法問題と読解の和訳の予習が課題として出されるが、量が多く大変。,yxk1tga4
2022/02/19 11:23:09,秋学期,必修English for General Communicationロ58,阿部敬子,文学部,,4,3,2,3,課題(問題演習や小レポートなど),ふつう,オンラインテスト,ふつう,あり,出席とオンラインワークブックの提出さえできれば単位はもらえると思う。,yxk1tga4
2022/02/19 11:26:24,秋学期,日露比較文化2,オムニバス,文学部,,3,3,3,3,リアクションペーパー,ふつう,期末レポート,ふつう,あり,普段の授業はオンラインで講義を聞き、感想提出という流れでなので楽だが、レポートの題材をある程度自分で決めないといけない。,yxk1tga4
2022/02/19 11:42:23,春学期,死の諸相,堀内正規,文化構想学部,,3,2,1（難しい、つまらない）,3,リアクションペーパー,ふつう,期末レポート,きつい,あり,毎週の動画視聴と期末レポート提出で単位はくるが、授業をもとにレポートの題材を自分で探し、意見を述べるのが難しい。,yxk1tga4
2022/02/19 11:45:30,春学期,ユートピアと性,草野慶子,文化構想学部,,4,3,1（難しい、つまらない）,4,リアクションペーパー,ふつう,期末レポート,ふつう,あり,授業内容は興味深く面白かったが、期末レポートではジェンダーや家族観について問われ、普段から考えていないと高い評価を取るのは難しいと感じた。,yxk1tga4
2022/02/19 11:49:27,春学期,ロシア民衆文化論,山田徹也,文学部,,3,4,3,2,リアクションペーパー,楽,ペーパーテスト,ふつう,あり,テストは持ち込み可なので、あとは毎回の講義、リアクションペーパー提出さえしていれば単位は取れる。,yxk1tga4
2022/02/19 14:25:22,春学期,ロシア語で表現する2,岡野エレナ,文学部,,4,4,3,3,課題(問題演習や小レポートなど),ふつう,なし,,あり,毎回の授業の予習の分量がそこそこ多いので、ロシア語未習者には大変だと思うが、ある程度学習歴があればこなせると思う。,yxk1tga4
2022/02/19 14:28:30,春学期,ロシア語ロシア文学演習1,坂庭淳史,文学部,,5,2,2,4,リアクションペーパー,ふつう,期末レポート,きつい,あり,先生の知見が広く授業は面白いが、期末レポートが4000字以上と負荷が大きい。A +を取るのは難しい印象。,yxk1tga4
2022/02/19 14:32:39,春学期,ロシア語ロシア文学演習2,源貴志,文学部,,4,4,4,3,課題(問題演習や小レポートなど),きつい,オンラインテスト,ふつう,あり,毎回の予習(露文和訳)が大変だが、グループで１つの訳を作るので、その担当でない週は比較的楽だった。,yxk1tga4
2022/02/19 14:36:08,春学期,ロシア中世文学,三浦清美,文学部,,4,4,3,3,課題(問題演習や小レポートなど),きつい,なし,,あり,毎回の課題提出と任意の期末レポートで成績評価される。任意の期末レポートを提出しなくてもAはもらえる。,yxk1tga4
2022/02/19 14:43:18,春学期,日露比較文化1,オムニバス,文学部,,3,4,4,2,リアクションペーパー,楽,期末レポート,ふつう,あり,様々な内容を各3-4回の授業で取り上げるため、興味のある内容とそうでない内容が存在する。期末レポートはその中から興味のある内容を選んで書けば良い。,yxk1tga4
2022/02/19 14:46:29,春学期,ロシア文化論,大石雅彦,文学部,,4,4,2,4,課題(問題演習や小レポートなど),きつい,なし,,あり,取り上げる内容(ロシアアヴァンギャルド)について、前もって基本的なことを知っているか、自分で調べるかしないと、授業の理解が難しい印象。,yxk1tga4
2022/02/19 14:49:24,春学期,ロシア語で表現する1,籾内裕子,文学部,,4,4,3,4,課題(問題演習や小レポートなど),ふつう,オンラインテスト,ふつう,あり,毎回の課題はそれほどきつくはないが、期末テストに向けて新しい文法事項などを覚えることが大変だった。第二外国語でロシア語をとっていた人にはちょうど良い難易度だと思う。,yxk1tga4
2022/02/19 16:32:01,春学期,法学原論A,橋爪英輔,文化構想学部,,5,5（易しい、面白い）,5（易しい、面白い）,4,小テスト,ふつう,期末レポート,ふつう,あり,毎回の小テストは授業の内容を理解した上で少し考えさせる問題が出る。きちんと聞いて理解できていれば大丈夫。期末レポートは、法学系のレポートの形式をきちんと教えてくれる。文・文構の人たちを思いやってくれる優しい先生。,qtzx3pih
2022/02/19 17:58:23,春学期,保険論,李洪茂,商学部,,4,5（易しい、面白い）,5（易しい、面白い）,3,なし,,オンラインテスト,楽,なし,教科書を買えば勝ちです！,utaeygcv
2022/02/19 18:00:10,春学期,芸術と社会Ａ,子安ゆかり,商学部,,5,5（易しい、面白い）,5（易しい、面白い）,4,リアクションペーパー,楽,なし,,あり,簡単なリアペを毎回ちゃんと出せば楽に単位が取れます！,utaeygcv
2022/02/19 18:02:17,秋学期,都市論B,岡部遊志,商学部,,4,4,5（易しい、面白い）,3,"課題(問題演習や小レポートなど), 小テスト",ふつう,期末レポート,ふつう,なし,先生が提示する課題の評価基準に当てはまるようレポートを書けば高い点数が容易につきます！,utaeygcv
