1,2021,アカデミック・リテラシー,エイドリアン・Ｍ・ヴァーラ,一般教養／諸研究所,文系／GICセンター,4.0,5.0,5.0,3.0,なし,"[1, 0, 0, 0]","[0, 0, 1]","[0, 0, 0, 1]","[0, 0, 0]",['毎週やることは重いですが、真面目にやっていればSはくれると思います。']
2,2021,アカデミック・リテラシー,ポール・Ｒ・アンダーウッド,一般教養／諸研究所,文系／GICセンター,4.0,4.0,4.0,3.0,なし,"[1, 0, 0, 0]","[0, 1, 0]","[0, 1, 0, 0]","[0, 1, 0]",['緊急事態宣言の時以外は基本対面でした。授業は配布されたテキストにそって世界の政治などについて学びます。意欲があればSきます。教員は優しい人です。']
3,2021,グローバルリーダーシップセミナー,朝妻恵里子／井本由紀／齊藤圭司／杉山有紀子／ジョナサン・ディル／藤本ゆかり,理工学部,その他,5.0,5.0,5.0,5.0,なし,"[1, 0, 1, 0]","[0, 0, 1]","[0, 0, 0, 1]","[0, 0, 0]",['ディスカッション主体で、英語使いまくれるので英語喋れりゃ、簡単でかつ楽しくSとれます']
4,2021,ジェンダー論Ⅰ,柏崎千佳子／長沖暁子,一般教養,文系,3.0,3.0,2.0,3.0,あり,"[1, 0, 0, 0]","[0, 1, 0]","[0, 0, 1, 0]","[0, 1, 0]",['期末レポートは課題図書を読んで書くものだった。課題の点数が学期中に公開されるので成績の予想ができて良い。ジェンダー論の授業内容はどれも現代社会で考えやすく、タメになるものばかりだった。全人類ジェンダー論を学ぶべきだと思う。']
5,2021,ジェンダー論Ⅰ,飯野由里子,一般教養／諸研究所,文系／GICセンター,3.0,3.0,3.0,3.0,あり,"[3, 1, 0, 0]","[2, 0, 1]","[0, 3, 0, 0]","[1, 1, 1]","['真面目にテスト受ければS', '2020年の楽単情報には、オンラインテストと小テストは何度も回答し放題だから友達と相談できてめちゃ楽！みたいに書いてあったけれど、今年からは時間制限あり+一度きりのテストにかわっていてめちゃくちゃ大変でした。授業は全て英語だし、もちろんレポートや10回以上の小テスト、50題を超える期末テストも英語で難しすぎです。少なくとももはや楽単ではありません。', '楽楽楽']"
6,2021,スペイン語Ⅰａ（セット履修）,瀧本佳容子,商学部,語学,3.0,5.0,4.0,3.0,なし,"[1, 0, 0, 0]","[1, 0, 0]","[1, 0, 0, 0]","[1, 0, 0]",['毎回出欠をとる。授業では課題の答え合わせとその関連することを話す。間違えると厳しく問い詰めてくる。']
7,2021,スペイン語第Ⅳ,浜田和範,法学部法律学科／法学部政治学科,語学／語学,4.0,5.0,4.0,4.0,なし,"[1, 0, 0, 0]","[0, 0, 1]","[1, 0, 0, 0]","[0, 1, 0]",['予習（和訳が中心）が前提で進められ、予習内容が不十分な人に対しては厳しい。']
8,2021,スペイン語第Ⅳ,金谷重朗,法学部法律学科／法学部政治学科,語学／語学,4.0,5.0,3.0,4.0,なし,"[1, 0, 0, 0]","[1, 0, 0]","[0, 0, 0, 1]","[0, 0, 0]",['映画を見て、それに関する内容の講義が行われる。定期試験はなく単位取得は容易だが、その分授業中に積極的に発言しないと高評価がこない。']
9,2021,ドイツ事情Ⅰ,川喜田敦子／西尾宇広／日名淳裕／松原文,一般教養,文系,4.0,3.0,5.0,4.0,なし,"[0, 0, 1, 0]","[0, 1, 0]","[0, 0, 1, 0]","[0, 1, 0]",['オンデマンド。オムニバスで4人の教授。古代中世ドイツ(文学作品中心)、近代ドイツ(文学作品から啓蒙などの近代のドイツの思想)、現代ドイツ(ホロコースト中心、東大の教授)、オーストリア(先生の専門である詩と歴史)を3回ずつ。毎回リアペ提出400字、期限はたしか3日後まで期末レポートは2000字程度。諸注意多め文字数が少なく、要点を絞って書いた。授業のまとめに加えて、自分の考えを書くことが義務付けられる。文学要素が非常に強かった。オーストリアは高校世界史の範囲だったが、それ以外は未知のことが多かった。どの先生も熱心な様子が伝わってきた。近代ドイツでは、先生がリアペから何人かの感想などを抽出して、フィードバックを2回ほどしてくださった。参考図書も紹介してくださった。メリットでもデメリットでもあるが、先生によって全く形式が違かった。はじめは音声の乱れや授業スライドを未配布など受講しづらい状況だったが、教授に連絡するとすぐに対応してくださった。']
10,2021,フランス語初級（ｂ）１,岡見さえ,理工学部／諸研究所,語学／外国語教育研究センター,4.0,5.0,4.0,3.0,なし,"[1, 0, 0, 0]","[0, 1, 0]","[1, 0, 0, 0]","[0, 1, 0]",['授業の面白さが3なのは、授業自体が真面目なフランス語の発音方法だからです。つまらないという意味ではありません。真面目に勉強したい人にとっては良いです。期末試験は、口頭での発音テストで、ペーパーテストではありません。先生による主観評価になってしまうので高評価や低評価についてはよく分かりません。']
11,2021,フランス語第Ⅰ,真部清孝,法学部政治学科,語学,1.0,2.0,4.0,1.0,なし,"[1, 0, 0, 0]","[0, 1, 0]","[0, 0, 0, 1]","[0, 0, 0]",['あまり理解してないうちに次の内容にどんどん進んでしまう。これに関しては教科書が説明不足なこともあると思うが、ちときつめである。']
12,2021,フランス語第Ⅳ（ＡⅡ）,関幸太郎,法学部法律学科／法学部政治学科／諸研究所,語学／語学／外国語教育研究センター,5.0,5.0,5.0,5.0,なし,"[1, 0, 0, 0]","[1, 0, 0]","[0, 0, 1, 0]","[1, 0, 0]",['月曜の1限という事実を除けばトップレベルの楽単だと思う。教授はいわゆる変態だと推察されるが、授業・テスト(今学期はなかった)・課題、どれをとってもゆるく負担のないものだった。ここだけの話、上級のフランス語選択ということもあって基本Sらしい。ただ、その他の上級の選択のフラ語と比べても一番楽。月曜1限でもいいって人なら絶対取るべき。']
13,2021,マクロ経済学初級Ⅰ,直井道生,経済学部,必修・選択必修,5.0,5.0,5.0,4.0,あり,"[0, 1, 0, 0]","[1, 0, 0]","[1, 0, 0, 0]","[0, 1, 0]",['２週に１回の小テストと期末試験。小テストは５分くらいで出来るし、期末試験も難しくない。真面目にやれば普通に高評価来ると思う。']
14,2021,ミクロ経済学初級Ⅰ,中村慎助,経済学部,必修・選択必修,3.0,5.0,5.0,1.0,あり,"[1, 0, 0, 0]","[0, 0, 1]","[0, 0, 1, 0]","[1, 0, 0]",['オンラインということもあって出欠確認はなし。ただし平均して3回に１回、その授業についての小テストがあるので注意。テストはレポート形式で、4問出題されそのなかから2問選択して答えるものであった。提出期限までが長いのに加えて、授業を聞いていなくてもレジュメさえ見れば答えが分かる問題であったので単位取得は容易であった。ただ、小テストに関しては授業の内容をしっかりと抑えてなくてはならず、しかも授業の内容が難しいので割ときつかった。']
15,2021,ラテンアメリカ研究Ⅰ,梅崎かほり／工藤多香子／佐藤正樹／伏見岳志／安井伸,一般教養,文系,3.5,3.5,3.0,3.0,なし,"[1, 0, 2, 0]","[0, 2, 0]","[0, 0, 2, 0]","[0, 1, 1]",['ラテンアメリカペルーとかメキシコについての諸問題について。期末レポートはラテンアメリカに関連した事件についての本についてまとめるというもの(2000字)、授業の最初から提出できる形で期限までならいつでも提出できるので時間をかける事はいくらでもできる。リアペと期末レポートを出しておけば単位は取れる。面倒くさい事は言うまでもない。リアペは毎回テキトーにだした。期末レポートもテキトーに本読んでだした。そしたらBでした。高い評価を取るのは難しいかも。きちんと期末レポートを時間をかけて洞察を働かせていけば高評価取れるのでは。ラテンアメリカの歴史的背景(植民地時代など)や生い立ち、現在における諸問題に興味があればいいのでは。']
16,2021,世界の政治,沼尾恵,一般教養,文系,4.0,5.0,4.7,3.0,なし,"[0, 0, 2, 1]","[2, 0, 0]","[0, 0, 3, 0]","[1, 2, 0]","['ディスカッションすることが苦でなければ楽単です。', '最初の三十分は授業動画を見て、その後の十五分は先週のコメントへのフィードバックをし、三十分ほど四人一組に分かれてブレイクアウトルームでテーマについて話し合い、班の代表が掲示板に話し合ったことをコメントします。他のメンバーはチーム名を書いて終わりです。期末レポートは800-1200字で、授業で扱ったテーマについて自分の考えを書きます。班によってモチベーションが違うのが残念でした。班長にならなければコメントを書かずに住むため、班長決めでは沈黙を貫いてその場を凌ぐ方が一定数いらっしゃいました。偶然積極的な人と当たったときは、活発な議論ができて学びが多かったです。授業動画から学ぶというよりは、動画をもとに議論する授業でした。先生も、「私が教えるのではなく、学生同士で高め合う」ことをこの授業の主目的に据えています。ただ、やる気がなく常にミュートで一言も発さない方がいるため、個人的にはあまりこの授業はおすすめできないです。真面目に話し合いたい人は結局、楽単と聞いてやってきた熱意のない堕落した人に搾取され、不利益を被るだけです。楽単狙いの方にはおすすめです。', '毎回のグループの当たり外れが激しい。話さないとこは本当に内容が薄い。グループの意見に加えて自分の意見を個人的に書いとけば成績上がるかも(私はそうしたらSが来ました)']"
17,2021,中国事情,櫻庭ゆみ子,一般教養,文系,3.0,4.0,4.0,1.0,なし,"[0, 0, 1, 0]","[1, 0, 0]","[0, 0, 1, 0]","[0, 1, 0]",['シラバスを見た段階では、中国の文学を通して社会を見る、的なやつだと思っていたのだが、実際は文学者の生い立ちをつらつらと述べられるだけで私にとっては非常に退屈な授業だった。毎回のリアペをこなせれば正直授業を聞いていなくても単位は余裕でくる。レポートで扱う作品は授業で扱ってないものでもOKだからだ。良い点としては、履修者が少ないため期末レポートの提出期限が遅いということがあげられる。また、事前に申し出てくれれば延長も可能という話だった。授業は退屈だが、先生の人柄は良いと感じたため、理不尽なことは起こりえないように思う。']
18,2021,人であることⅠ,有光道生／奥田暁代／許光俊,法学部法律学科／法学部政治学科,その他／その他,4.3,4.7,4.0,4.3,あり,"[0, 0, 3, 0]","[2, 1, 0]","[2, 0, 1, 0]","[2, 1, 0]","['リアペ4回分と対面テストで評価される。テストは講義内容踏まえて自分の考えを書く形式。評価はそこまで良くないけどリアペだしてテストもとりあえずなにか書けば単位はくれる。', '講師をほかから招いて講義をしてもらう形式。3回ごとに講師が変わり、計4人の講師の話を聞く。人であること、という講義名に惹かれてこの講義を履修した人ならみんな興味を持って聞ける話ばかりだと思う。単位は取りやすいし面白いし個人的にはすごくおすすめ。', '3週に一回のペースで1000字くらいのリアクションペーパーがあり、期末テストは自分の意見を書くだけの簡単なものだった。内容もおもろい。オムニバス形式で色んな専門家やら哲学者やらを呼んで授業が進むのだが、特に初週の文化人類学者がえぐいおもしろかった。それ以外の先生はあまり興味のない分野だったのでそんなにだったが、でも成績はめっちゃ取りやすかったから総合的に見てグッド。人権とかジェンダーに興味があるタイプの人は好きだと思う。']"
19,2021,人文科学特論Ⅰ,大出敦,法学部法律学科／法学部政治学科,その他／その他,4.0,3.0,5.0,5.0,なし,"[0, 0, 0, 1]","[0, 0, 0]","[0, 0, 1, 0]","[0, 0, 1]",['春学期を通してレポートの書き方を学んでいきます。内容は4年間(もしくはそれ以上)活用できるものであり、学んでおくと今後のレポート作成が楽になりそうだと実感できました。課題は数回ありましたがとても軽いです。期末レポートは4000字程度とやや重いですが、自分の好きなテーマで書けます。そのため、テーマを関心のあるものにすれば苦にはなりにくいと思います。先生は内容の精巧さよりも、まず形式を整える事を重視されているのでSも狙いやすいです。']
20,2021,人文科学特論Ⅰ,大野真澄,法学部法律学科／法学部政治学科,その他／その他,3.0,5.0,4.0,3.0,なし,"[1, 0, 0, 0]","[0, 1, 0]","[0, 0, 1, 0]","[0, 0, 1]",['毎回zoom。私の時は履修者が8人しかいなかった。資料は全部英語だが先生の説明もレポート書くのも日本語なので問題はない。発言機会が多い。中間レポートと期末レポートがあり、それぞれ2000字、4000字。インタビューや分析を行うので実験レポートみたいに書けば文字数はクリアできる。先生は割と優しい女性。']
21,2021,人文科学特論Ⅰ,永嶋友,法学部法律学科／法学部政治学科,その他／その他,4.0,4.0,3.0,4.0,なし,"[0, 0, 0, 1]","[0, 0, 0]","[0, 0, 1, 0]","[0, 1, 0]",['ジェイムズ・ジョイスの『ユリシーズ』を読む授業。授業までに毎週一章分を自分で読んでおき、授業にてzoomで意見交換をしていく。めちゃくちゃ難解なユリシーズ、自分の力だけでは読めないと思ったので履修したが、結局めっちゃキツかった。授業の問題ではなく、難しすぎる。しかし文学好きの子は超楽しそうに読んで授業を受けていたので完全に向き不向きだと思う。好きなら取って損はないです。レポートは何書いてもいい系。自分の興味あることで書きました。割と良い評価きた。']
22,2021,人文科学特論Ⅰ（倫理学古典読書会）,柘植尚則,文学部,その他,4.0,4.0,3.0,4.0,なし,"[0, 0, 0, 1]","[0, 0, 0]","[0, 0, 1, 0]","[1, 0, 0]",['先生が優しいし授業も楽しい、課題がなくて出欠が大事']
23,2021,人文科学特論Ⅰ（美術）,金山弘昌,文学部,その他,4.0,5.0,5.0,3.0,あり,"[1, 0, 0, 0]","[1, 0, 0]","[0, 0, 1, 0]","[1, 0, 0]",['毎回の課題も期末レポートも楽だった']
24,2021,人類学Ⅰ,中山一大,一般教養,文系,4.5,4.5,4.0,4.5,なし,"[0, 2, 0, 0]","[1, 1, 0]","[0, 0, 2, 0]","[1, 1, 0]","['内容は面白く、学期間に3回ある小テストと行い、1200字以上レポートと言った軽い期末レポートを出せば単位は確実に来る。', '小テストは簡単なのでほぼ満点を狙い、期末レポートは2000字以上書けば、Aが来ると思われる。']"
25,2021,人類学Ⅰ,河野礼子,一般教養,文系,4.1,4.5,4.0,3.4,あり,"[1, 8, 5, 0]","[7, 5, 0]","[1, 1, 8, 2]","[8, 2, 0]","['全然頑張ってないのにSくれた。初めの方の授業は生物。毎回の小課題も、期末課題も楽。楽すぎて怖い。', '楽単の噂の通り、楽単でした', '高校の生物のレベルの内容をヒトに絞って広がっていったもの。毎回の授業後の小テストを確実に出すだけ。期末レポートも半日もあれば準備から仕上げまで終わるボリューム。テストの正答率を上げる。', '人類が如何にして進化してきたか。(高校までの生物でやる内容の発展のような感じ)毎回の授業に付随してくる問題に答えること。恐らく皆大きな差はつかないので、上記の問題を取り逃さないこと。オンラインなのでよく分からないが、人柄は良さそうチンパンジーの生態楽単に部類されると思う。毎回の課題を出すことは確実にしよう。', '個人的にはあまり面白くなかったが、期限を守って提出すれば高評価がとれる。期末レポートとは名ばかりのちょっとしたものだった。来週の授業までに小テストを受ければいいため融通のきく授業といえる。', '毎週の授業に対する小テストがある。基本選択式。記述形式もあるが、用語を答えるだけ。授業聞いてれば絶対できる。期限は1週間。受講者が100人単位かつ他の曜日にも開講しているので、助け合いをしている人もいた。小テストの答えは2週間後に配信されるので自分の評価を予想することができる。期末課題は300とか500字とかだった気がする。これはあまり重要視されてないっぽかった。出すことに意義がある系。', '評価は小テスト+リアぺとミニレポート。小テストは講義を隅々まで聞かないと答えられないためやや面倒。ミニレポートは自分の好きな動物関連の動画を見てまとめるだけなので楽。講義内容は人間や猿の頭や歯、進化の過程などなど。', '出欠確認をとる。一定数以下の出席だと不可になる。毎回、授業の感想や質問などを書くリアペがある。教授はとても人間味があって話が面白い。内容も面白く退屈しない。動画を見ることもある。期末レポートは選択問題や穴埋め問題、簡単な記述問題で構成されている。大半が選択問題だが、全く勉強していなかったり、中途半端な勉強では意外と難しい。ただ、しっかり勉強している人にとっては単位取得は容易。', '恐らく先生の研究分野です。毎回小テストを期限内に行い期末レポートを出したら単位は来ます。小テストは授業で言っていることがまんま出るのでそこで間違えないこと、システム上期限外提出の救済処置が無いので(私は一回提出期限を過ぎてしまい直接メールをしてその回限りで受け付けてもらえましたが評価はAでした)必ず小テストは期限内に受けることです。Sを狙いたい方は尚更です。生物よりは深掘りしない生物といった感じでド文系でもとっつき易い授業でした。小テストは必ず期限内に回答するようにしてくださいね(2回目)救済処置は無いも同然です。', '内容は簡単で単位取得は毎週のアンケート出し忘れなければSきます', '毎回のテストを充実しないと高評価は出ない']"
26,2021,会計学基礎（基本簿記と財務諸表の見方）,川崎芙有,商学部,必修・選択必修,5.0,5.0,5.0,3.0,なし,"[0, 2, 0, 0]","[2, 0, 0]","[0, 0, 0, 2]","[0, 0, 0]","['毎回の小テストを期限内(3日以内?)に解くだけ。簿記持ってる人には簡単なのでSがつく。苦手な人でも友達に教えてもらったり、授業でやったことそのまま使えばA以上は余裕', 'オンデマンドで動画が短くて最高。10分未満の時もあった。']"
27,2021,体育実技Ａ（ゴルフ）,布川友紀子,一般教養,体育系,5.0,5.0,5.0,5.0,なし,"[0, 0, 0, 1]","[0, 0, 0]","[0, 0, 0, 1]","[0, 0, 0]",['ゴルフ全くの初心者から始めて、10回ちょっとの授業のおかげでちょっと打てるようになりました。みんなで並んで打ちっぱなしをします。単純に楽しいし、先生もお優しく、丁寧に指導してくださいます。無遅刻無欠席でSがきました。でも遅れる場合、休む場合でも、事前に先生にご連絡すればかなり融通を効かせてくださるようでした。']
28,2021,体育実技Ａ（バレエエクササイズ）,金指みの利,一般教養,体育系,4.0,5.0,3.0,4.0,なし,"[0, 0, 0, 1]","[0, 0, 0]","[0, 0, 0, 1]","[0, 0, 0]",['先生がとても優しく、バレエ未経験者のことを配慮してくれる。が、完全に未経験だと後半になるにつれて大変にはなる。A取れたら頑張ったということらしい。']
29,2021,体育実技Ａ（レクリエーショナルスポーツ）,村山光義,一般教養,体育系,5.0,5.0,5.0,5.0,なし,"[0, 0, 0, 1]","[0, 0, 0]","[0, 0, 1, 0]","[0, 1, 0]",['この授業では、フリスビーを使ったスポーツ（アルティメット）やゲートボール、ユニバーサルホッケー、フリーテニス、モルックなどマイナーなスポーツを週ごとにやる。経験者がまずいないし運動神経が関係ないものが多いので誰でも楽しめるのでおすすめ。先生も優しい。出席してれば単位は必ず来る。期末レポがあって、内容はマイナースポーツについて調べたり魅力について書く1000字以上のレポート。期限は1か月以上あるし、初回授業で配布されるプリントを見れば大体はわかるから簡単。']
30,2021,倫理学Ⅰ,久野真隆,一般教養,文系,4.0,4.0,4.0,4.0,なし,"[0, 0, 1, 0]","[1, 0, 0]","[1, 0, 0, 0]","[0, 1, 0]",['ひとつの思想について1時間、という感じだった。毎回授業に出席すれば単位は必ず来ると先生自身が仰っていた。テストでしっかり点を取ること。自分の話を交えながら、面白く話してくださる。倫理を学ぶ上でのハードルが下がって講義を受けやすかった。功利主義は結果が大事、義務論は動機が大事。毎回しっかり授業に出席すること。そして先生が言ったことをメモする。テストはA4用紙持ち込み可なのでスライドの内容と先生が口で言った内容をしっかり紙に書き、ある程度思想に対する自分の考えを持って臨めば高得点は取れるはず。テストの形式としては、示された問題からいくつか自分で問題を選んで回答できる。全ての思想を網羅すると言うより、ひとつの思想の知識、考えを深めておけばその分野の問題を選べば点が取れるようにしてくれている。先生は面白いし出席するだけで単位は来るのでおすすめ。']
31,2021,倫理学Ⅰ,杉本俊介,一般教養,文系,4.7,4.7,4.5,4.5,あり,"[3, 3, 3, 0]","[6, 0, 0]","[0, 2, 4, 0]","[3, 3, 0]","['ビジネス倫理学の授業。ビジネスと聞くだけで嫌気がさすタイプの人間なのだが、身近なトピックや基本的なものを扱ったため興味深く感じることも多く面白かった。先生の解説もわかりやすい。毎回小テストがあるが非常に簡単。期末にはオンラインテストとレポートが課されるのだが、テストは小テストのものがランダムででるだけで、レポートも普通。', '簡単', 'Sを確信できる教科', 'ビジネス倫理学ということもあって、将来役に立つ考え方が身につく。', 'オンラインテスト60点満点、期末レポート40点満点で成績が決まった。オンラインテストの方は満点取るべき。期末レポートはいくつか採点項目があるので、それに従って書けば30点は取れそう。よって90点取れるのでSを取るのは簡単。', '毎週授業動画を見れば誰でも解ける5問の小テストが出欠確認の代わりにあります。教授がほんわかしていて癒やされます。']"
32,2021,倫理学Ⅰ,西山晃生,一般教養,文系,3.4,4.6,2.8,2.8,あり,"[2, 0, 0, 3]","[1, 1, 0]","[1, 0, 4, 0]","[1, 4, 0]","['単位自体は取りやすい。毎週出るオンデマンドの動画はつまらなかったけど、期末レポートは一つの授業さえ見てれば書ける。1600字以上のレポート。出せば単位はくるが、成績はBだった。', '出欠無オンデマンド、課題ゼロ、期末レポ一発。毎週50~60分くらいの動画が配信される。内容は学者ごとの倫理観をそれぞれ見たり比較したりする感じで、別に面白くはないけど具体例と一緒に詳しく解説してくれるから理解はできる。期末レポは、学期を通して扱った題材からひとつ選んでそれについて論じるみたいな感じだった(たしかA4用紙1枚分とか)。割と頑張って書いてＢだったけど、レポート書くの得意な人ならササっと書いてＡとか取れそう。単位は確実にくる。', '提出は期末レポートだけなのですごく楽。しかし(当たり前だけど)レポートの時だけすごく頑張って書いたって高評価は得られない、高評価欲しいなら普段の授業からちゃんと理解しといた方が良さそう。', 'レジュメが配られるが、それをひたすらなぞって喋っているだけ。期末テスト一発。テストは倫理学をかなり勉強していないと難しい。ただし、評価は甘く、テストのできが悪くても良い評価がつく。単位取得が楽なので履修者が多い。', '授業はオンデマンドが毎週配信されますが1回しか見ていません。期末テストのレポートのお題にもよると思いますが、春学期に関しては授業で扱ったものの中から選んでレポートにするという感じだったので1回だけ見てそこを重点的に書けばAがきました。Sとか狙っていくなら毎週授業を見ておいた方が良いレポートが書けるのかもしれませんがレポート自体の採点が少し厳しい気がするので何とも言えません。']"
33,2021,倫理学Ⅰ,長門裕介,一般教養,文系,3.3,3.7,2.3,3.0,あり,"[0, 0, 2, 1]","[1, 0, 1]","[0, 0, 3, 0]","[0, 1, 2]","['内容自体は面白いが自分の考えを論理建てて言語化するのに慣れていないと地獄。真面目にレポ書けば単位はくる、ただ50%以上の人数がBなのでSA目指す人は取らない方がいい。', 'リアペも期末レポートもキツい。先生は若くてフランクで優しいけど抽選になるほど面白い授業内容だとは思わなかった。まぁ好きな人は好きなんじゃないですかね。', 'レジュメが配布されるのでそれを読むだけ(20分程度で読める)。レポートしくじらなければおけ。ルーブリックやレジュメに従う。質問したら丁寧に教えてくれた。']"
34,2021,分子細胞生物学の基礎,佐藤智典／土居信英,理工学部,必修・選択必修,2.0,2.0,2.0,2.0,あり,"[1, 0, 0, 0]","[0, 0, 1]","[1, 0, 0, 0]","[0, 0, 1]",['ガチでちゃんとやらないと厳しい']
35,2021,刑法（各論）Ⅰ,佐藤拓磨,法学部法律学科,その他,5.0,5.0,5.0,5.0,あり,"[0, 0, 0, 1]","[0, 0, 0]","[1, 0, 0, 0]","[0, 1, 0]",['評価は結構甘く、授業内容もわかりやすい']
36,2021,動物行動学,香田啓貴,一般教養,理系,3.5,4.5,2.5,3.5,あり,"[2, 0, 0, 0]","[0, 1, 1]","[0, 0, 2, 0]","[0, 1, 1]","['理系文系関係なく面白い授業だと思う', '自由課題までやったのに、Bだった']"
37,2021,化学Ⅰ（実験を含む）,井奥洪二,一般教養,理系,4.0,4.5,4.0,3.0,なし,"[2, 0, 0, 0]","[0, 0, 2]","[0, 0, 0, 2]","[0, 0, 0]","['教授がとても優しい。ごりごり文系でもとてもわかりやすい授業。', '先生が優しいレポートが少し大変']"
38,2021,化学Ⅰ（実験を含む）,土居志織,一般教養,理系,4.3,4.7,4.3,4.7,なし,"[2, 1, 0, 0]","[0, 3, 0]","[0, 0, 0, 3]","[0, 0, 0]","['日常の化学です。物理化学的な内容、材料化学的な内容が好みの人は他の先生のシラバスを見てみてと先生自身がおっしゃっていました。隔週対面実験。オンラインの日は、先生お手製のスライドが配信され、それを参考にレポート(いつもA4、1枚)を書く。実験の日は、実験レポートを授業終わりに提出。学期末にはプレゼンがあり、生徒同士で評価し合う。生徒からの評価が高いプレゼンは加点。オンラインレポートをそれなりの完成度で毎回出すこと。実験に出席し、レポートをきちんと書くこと。私は化学基礎までしかやっておらず、その内容すら抜け気味の文系でしたが、真面目にやっていたらSきました。よく笑う。かわいい。実験の助手？の藤田先生と仲良し。オンラインで配布されたスライドがユーモアで溢れている。小瀬村先生のマッチョ写真を見ました。化学に自信がなくても大丈夫。先生のスライドや、300円で買う教科書を読めばわかる。実質毎週レポート提出があるが、こつこつやることが大切です。', '期末試験もレポートもなく、３分のプレゼンのみであることがとても嬉しい。楽。教授も優しい。', 'とにかく面白い＆楽。対面実験とオンラインが半々で、対面実験の時は１時間くらい早く終われる。オンラインの時も真面目にやれば絶対に時間内に終わる程度の課題量。化学・化学基礎の知識を前提としないので皆にお勧め。\u3000']"
39,2021,化学Ⅰ（実験を含む）,岡本昌樹／小畠りか,一般教養,理系,4.0,4.0,3.5,4.0,なし,"[2, 0, 0, 0]","[0, 2, 0]","[2, 0, 0, 0]","[1, 1, 0]","['いわゆる基礎化学。講義と実験が隔週。高校時代に化学を履修していなくてもなんとかなる。授業と実験に参加し、テストで程々の点数を取れば単位取得は容易。授業と実験に毎回参加する。授業中に配られる問題演習プリントとほぼ同じ内容のテストでいい点を取る。温厚な人柄である。あまり化学に興味ないド文系には面白くない授業内容である。授業で配られる問題演習プリントとぼぼ同じ内容の期末試験で高得点をとり、授業と実験に毎回参加すればA以上は確実。', '実験は楽しい']"
40,2021,哲学Ⅰ,上枝美典,一般教養,文系,4.3,4.3,4.7,3.7,なし,"[2, 1, 1, 0]","[2, 0, 1]","[0, 0, 3, 0]","[2, 1, 0]","['課題提出の遅刻無しで期末課題も800字ほど書いたらｓがきた', '教授が書いた本を購入し、それをもとに授業を進めて行く形式。オンデマンドで前半はリアぺの評論、後半は30分ほどの講義。有神論と無神論の対決を追って行く内容のため、私の様な哲学初心者はリアぺを書くのが難しかった。期末レポートは今までの講義の要約で、字数も800字程度と少ないため楽な方だとは思う。', '毎週200字レポートを出して期末に800字のまとめレポートみたいなのを出しただけでSが来た']"
41,2021,哲学Ⅰ,戸澤幸作,一般教養,文系,4.0,5.0,5.0,3.0,あり,"[0, 0, 0, 1]","[0, 0, 0]","[0, 0, 1, 0]","[0, 1, 0]",['今学期は参加自由のzoom(リアルタイム)形式でした。1週間はアーカイブを残してくださったので自由度が高くありがたかったです。内容は少し難しく感じましたが、哲学に興味のある人なら面白いと思います。成績評価は期末レポートのみでした。アーカイブを何回か見逃していましたが、今回のレポートは講義で扱ったテーマのうち2つ程度選んで書くような形だったのでなんとかなりました。']
42,2021,哲学Ⅰ,田中あや,一般教養,文系,3.0,3.8,2.8,2.0,あり,"[1, 0, 0, 4]","[1, 0, 0]","[0, 0, 5, 0]","[1, 4, 0]","['オンデマンド、1回10分の回もある。話は興味ある人なら面白いかも。レジュメを一言一句違わず読み上げてるから見る意味はない。授業見たんだなとわかる程度のレポートでA来た。', '中間、期末全部出したのにC', '授業音声は基本的に教授がプリントを読んでいくスタイルだったので眠かった。任意の中間レポートは割と簡単だったのでやっておいた方がいいと思う。授業の内容自体はけっこう複雑でそれ故に期末レポートも難しかった。頑張ったらAは貰えた。', '教授は優しい方です。音声とレジュメが配信されて、音声を聴きながらレジュメを見るといった授業スタイルです。出席は特に取りません。授業をきちんと聞いてよく理解した上でレポートを書けばＡが来ます。', '授業がmp3の形式で、集中できないあんまりお勧めしない']"
43,2021,哲学Ⅰ,田村未希,一般教養,文系,4.4,4.6,4.4,3.4,なし,"[0, 0, 5, 0]","[4, 1, 0]","[0, 0, 5, 0]","[2, 3, 0]","['教授が優しすぎて惚れます', 'ハイデガーの存在と時間を読んで説明している音声を聞きます。毎回のリアペは分からないことを分からないと書けばいいだけです。一部のすごい人の考えは次の授業で紹介されます。期末レポートは2000字程度、読んだ部分の要約ですが、かなり楽でした。', 'ハイデガーの存在と時間という著書を読む。毎回のリアクションペーパーは楽なのできちんとやること。リアクションペーパーガチ勢になること。ただ、毎回授業で前回の感想を共有してくれるが、そこにある生徒の内容が凄すぎて到底真似できるものではないように感じる。そこに掲載される人はS取れると思います。されなくても毎回やってたらAはきたので、ビビらなくていいです。とにかく優しい。前期の授業の中で一番優しい教授でした。すごく親身になってくださって、理不尽なことなども一切ありません。真面目にやってれば、Aはきます。', '教授も優しく、オンデマンドの授業も短く、レポートも出せばSが来る、これぞ神単！']"
44,2021,哲学Ⅰ,石田知子,一般教養,文系,4.0,5.0,4.0,3.0,あり,"[0, 0, 1, 0]","[0, 1, 0]","[0, 0, 1, 0]","[0, 1, 0]",['レポートの文字数は多めだが高評価を得やすい']
45,2021,国語国文Ⅰ,小平麻衣子,一般教養,文系,4.0,4.3,3.7,4.7,なし,"[1, 0, 3, 0]","[1, 2, 0]","[0, 0, 3, 0]","[0, 3, 0]","['比較的新しい小説を読む授業。内容は興味深く、説明もわかりやすい。個人的には春学期とってよかったと思う授業のひとつ。先生の読解の内容に驚かされることが少なくなかった。オンデマンド、毎回授業時間内にリアペの提出が求められる。プラスで中間レポートと期末レポートが課された。単位取得は容易に思う。', '色々な文学を読んで時代背景を考察する授業。とりあえず毎回出席してレポートも出せば単位は来る。毎回出席してレポートも出したけどB来たから、高評価取るのは難しいのかもしれない。教授は穏やかで優しい先生。時間帯が一限なので朝が弱い人にはお勧めしない。また本が読むのが極度に苦手でなければ、敬遠することは無いと思う。', '授業2回で一冊ずつ近代小説の一部(多くても10ページほど)を読み、その小説の内容について扱います。初回は高野聖から始まり、回を追うごとに小説の年代も新しくなりました(最後は村田沙耶香さんの小説)。オンデマンドの授業で毎回出席確認を掲示板に書きます。授業動画の公開は1週間です。出席確認は期限が本来の授業の終了時間までなので要注意です。字数制限はなく、小説の感想を述べます。期末レポートは授業で扱った小説から一つ選び、与えられるテーマに沿って3000字以上です。字数は多めですが好きな小説について書けるので、読書好きな方にはオススメです。']"
46,2021,国語国文Ⅰ,片山久留美,一般教養,文系,4.0,3.5,5.0,4.5,なし,"[0, 0, 2, 0]","[1, 1, 0]","[0, 1, 1, 0]","[1, 0, 1]","['リアぺ30%+オンライン試験70%。評価厳しめ？結構書いたのにBだった。', '高校の古文と同じような感じかと思ったら、日本語の成り立ちについて学ぶ授業だった。が、普通に面白くためになった。動画は５０分程で残り時間でリアぺを書けばよいので楽。期末レポート（本当はオンラインテストの予定だったらしい）も過去の授業内容の確認のようなもので、講義動画もすべて残してくださっているので取り組みやすい。日本語に興味のある人には超おススメ。']"
47,2021,国際政治基礎,山本信人,法学部政治学科,必修・選択必修,4.0,5.0,4.0,4.0,あり,"[0, 0, 1, 0]","[0, 1, 0]","[0, 0, 0, 1]","[0, 0, 0]",['毎回授業の要約がリアペとしてあり、3回リアペとは別に課題があった。課題をしっかりとこなせばそれなりの単位は来る。']
48,2021,地域文化論Ⅰ（アメリカ）,大和田俊之,一般教養,文系,4.0,4.5,4.2,4.0,あり,"[0, 6, 0, 0]","[4, 2, 0]","[6, 0, 0, 0]","[3, 2, 1]","['みんなとってるが普通にだるい。毎回の小テストは簡単だが期末は過去問がないと無理ゲー。', 'ペーパーテストはほぼ過去問のまま。世界史受験者や世界史が好きな人にとっては面白い授業だと思う。毎回の小テストは選択式で、授業をしっかり聞いてスライドを見れば簡単に答えられる。', '毎回オンラインの小テストがあり、レジュメ、教科書を見ながらでも分からない問題もあったのでメモをとるほうが良いです。期末テストはマークシートと記述が半々で、教科書やレジュメを丸暗記すれば簡単です。', 'アメリカが現代の形になるまでどういう変遷があったかを学ぶ授業です。授業内容は興味深い内容で面白かったです。受験で世界史を使った人にとっては授業内容の6割は知っている内容だと思います。私は高校時代の世界史の知識だけでAが貰えたので単位取得は簡単な方だと思います。高校時代世界史をしっかりやっていた人とアメリカに興味がある人におすすめの授業です。', '過去問入手できればA来る', 'オンデマンドで期限は2週間、毎回小テストがあります。試験は筆記とマークシートが半分ずつで、真面目に勉強すればSがきます。']"
49,2021,地域文化論Ⅰ（アラブ世界）,大隼エヴァ,一般教養,文系,4.0,5.0,3.0,5.0,なし,"[1, 0, 1, 0]","[1, 0, 0]","[0, 0, 1, 0]","[1, 0, 0]",['毎回の出欠と小レポートがあります。期末試験はオンラインで、２日以内に提出だったため調べ放題でした。また、様々な先生(アラブ関連の)がスペシャルゲストとして講義をしてくださりました。']
50,2021,地域文化論Ⅰ（イベリア半島）,杉山佳子,一般教養,文系,2.5,2.0,2.5,3.0,なし,"[0, 1, 1, 0]","[0, 1, 1]","[0, 1, 1, 0]","[0, 1, 1]","['小テストは授業動画の細かいところが聞かれるので，動画を見返さなければならず，大変でした。授業自体は面白いです。', '授業内容が難しいです。かなりの知識が必要な上、理解も難しいです。事前知識がある人とそうでない人の差がかなりあります。他の一般教養の授業でギリギリ単位を取れるぐらいの勉強だと足りません。SやAを取りに行くぐらいの勉強をしてやっとBやCがつきます。質問には快く対応してくれるので、高評価を狙う人は質問をしにいくことをおすすめします。間違ってもラクタンとは言えないので適当に出席してCでも取れればいいやぐらいの感覚の人は取らない方がいいです。元々知識のある人や好きで興味があるという人以外はこの授業を取るより他の授業を取った方が良いと思います。']"
51,2021,地域文化論Ⅰ（フランス）,綾部麻美,一般教養,文系,4.0,4.7,4.0,3.7,あり,"[2, 2, 0, 0]","[2, 1, 0]","[0, 0, 2, 1]","[1, 1, 0]","['コロナ禍ということもあり超楽でした。授業はPDFのみ、授業後は2問ほど選択肢式の問題に答えるだけ。ちょっとした文献を読んで短い文を書かせられることが数回ありましたが、苦ではなかったです。コロナ禍で期末がなくなりました。', 'フランスの歴史について古代から扱う。オンデマンドなので毎回2〜4ページのレジュメをスクロールだけでよい。毎回の課題も、リアペ代わりに5分あれば終わる2、3問のクイズに答えるだけで良いのでとても楽でした。中間と期末レポートだけはありましたが負担にはならない程度の量でした。毎回の課題（クイズや時々あるレポート）をそれなりにきちんと書いて期限までに出せばAは来ると思います。', '動画なしのPDFだけのオンデマンド授業。高評価を取るには中間課題と期末課題をしっかりやる必要あり。フランスや世界史に興味あるひとにおすすめ。']"
52,2021,地域文化論Ⅰ（ラテンアメリカ）,本谷裕子,一般教養,文系,4.0,3.5,4.2,4.8,なし,"[0, 0, 4, 0]","[0, 0, 4]","[0, 0, 4, 0]","[0, 1, 3]","['毎回のリアペの文字数がかなり多いので少し辛いですが、ラテンアメリカについて広く深く扱ってくださるので、興味がある人にはとてもおすすめです。', '授業自体はとても面白かった。講義と映画・ドキュメンタリー鑑賞が半々くらい。リアクションペーパーが毎回800字（最初は1600字だった）で少し時間がかかった。期末レポートは4000字だったがテーマ等は完全に自由なので楽しかったし、それなりに時間をかけたら高評価が来た。', '\u3000ラテンアメリカの食や世界遺産、医療などの幅広い分野について学ぶ授業でした。外部の方も3人ほど講義をして下さりました。映画を見たり、現地のドキュメンタリーを見たり、刺激的を受けて色々考えることができました。未知のことをたくさん学べて非常に良かったです。ラテンアメリカを総合的に知りたい方には最高の授業だと思います。授業のスライドはあまり配布されず、ノートを取りました。初回のリアペは1600字、2回目は1000字、それ以降は800字でした。授業動画は午前7時から午前11時まで、リアペの提出期限は授業のある日いっぱいまででした。ネットからコピペしていないかを確認するため、毎回類似度をチェックされました。(私達は見られません)最終レポートは、当初A410〜20枚とのことでしたが、たしか4000字程度にまで負担を軽くしてくださいました。レポートのテーマは独創的なものほど良いそうです。きちんと出席してリアペを逐一出し、期末レポートを楽しんで書ければ相応の評価がきます。ラテンアメリカに関心がある方にとって、有意義な授業だと思います。(ラテンアメリカに興味のない方ですと厳しいと思います。)', '授業はラテンアメリカの食、医療、教育、文化など幅広く扱っていて面白かったが、リアペが本当に大変。1回目の授業のリアペはラテンアメリカについて興味があること1600字で、それ以降は800字とかなりの時間を取られた。期末は4000字、独創性を重視する。リアペを毎回きちんと出し、期末もしっかりやってSだったので、大変ではあるがしっかりやる人には評価してくれるかも。ラテンアメリカの映画を見たり、外部講師を招くなど刺激は多かった。']"
53,2021,地域文化論Ⅰ（ロシア）,熊野谷葉子,一般教養,文系,5.0,5.0,5.0,5.0,あり,"[0, 0, 1, 0]","[1, 0, 0]","[0, 0, 1, 0]","[1, 0, 0]",['教授は優しいです']
54,2021,地域文化論Ⅰ（東アジア・朝鮮半島）,礒崎敦仁,一般教養,文系,3.0,3.0,2.0,4.0,あり,"[0, 0, 1, 0]","[0, 1, 0]","[1, 0, 0, 0]","[0, 1, 0]",['対面授業の場合、なぜかパソコンの使用は許されるがスマホの使用は許されない。使用がバレた場合、その場で学生証を提示し、一発D。私語も同様バレたら一発D。教授の話はとても面白い。テストは選択問題だが、意外とちゃんと勉強していないと難しい。普通にDもつく。']
55,2021,地域文化論Ⅲ（アメリカ）,鈴木透,一般教養,文系,5.0,4.0,5.0,5.0,なし,"[0, 0, 0, 1]","[0, 0, 0]","[1, 0, 0, 0]","[0, 0, 1]",['アメリカのパブリックメモリーに関する授業です。日本ではパブリックメモリーに関する研究をしている人がほとんどいないらしいので、最新の研究を学べます。鈴木透先生は慶應の名物教授で、テレビなどにもよく出演されていて、お話も面白いです。単位は授業を聞いてメモをしておけばaは間違いなくきます。動画の視聴履歴を確認されるので10日以内には視聴した方がいいです。']
56,2021,地域文化論Ⅲ（イギリス）,横山千晶,一般教養,文系,4.0,5.0,4.0,3.0,なし,"[0, 0, 1, 0]","[0, 1, 0]","[1, 0, 0, 0]","[0, 1, 0]",['教授がとても楽しそうに授業をしていて、聞いていて楽しくなる。優しい。']
57,2021,地域文化論Ⅲ（ドイツ）,吉田真,一般教養,文系,3.0,3.0,2.0,4.0,なし,"[0, 0, 1, 0]","[1, 0, 0]","[0, 0, 1, 0]","[0, 1, 0]",['ワーグナーの生涯について学ぶ。ワーグナーのガチ勢が多く集っており教授が前回の授業のリアクションペーパーのフィードバックをするのだが、そこでの質問の内容が高度すぎて理解できなかった。期末レポートは題材によるがSやAは取りにくいと考えた方が良い。ただ授業内容は面白く、ワーグナーの作品を授業中に鑑賞するもので、中には手に入りにくい映像もあったのでそこはよかった。ワーグナーについて深く学びたい人にはお勧め']
58,2021,地域文化論Ⅲ（東アジア・中国）,安田淳,一般教養,文系,4.0,3.0,3.0,5.0,あり,"[0, 0, 0, 1]","[0, 0, 0]","[1, 0, 0, 0]","[0, 0, 1]",['中国の軍事の特徴、問題点について解説する授業。講義形式なのに全て対面だった。レジュメが配られないので全て自分で板書を取る必要がある。安田先生の力量故か、内容はそこまで難しくはなく非常に興味深い。成績評価は記述形式の期末テスト一本勝負で問題は事前に4種類告知されていてそのうちのどれか1つが出題される。熱意があれば普通に単位は取れる。安田先生の人柄が良い。']
59,2021,地域文化論Ⅲ（東アジア・朝鮮半島）,小針進,一般教養,文系,5.0,4.0,5.0,5.0,なし,"[1, 0, 1, 0]","[0, 1, 0]","[0, 0, 1, 0]","[1, 0, 0]",['韓国の政治、経済、社会、文化の特徴を歴史を踏まえながら学べます。自分で考えるための知識を多く与えてくださいます。動画を見たり新聞記事を読んだりして要約や感想を書く課題が時々出ます。課題をしっかり出せば良い成績を狙えると思います。当たり前ですが、真面目にやる学生には優しく、適当に済ませようとする学生には冷たい印象です。韓国文化に興味のある人が多く履修していました。']
60,2021,地域研究−スペイン事情Ⅰ,丸田千花子,一般教養,文系,4.0,4.0,4.0,3.0,なし,"[1, 0, 1, 0]","[1, 0, 0]","[0, 0, 1, 0]","[1, 0, 0]",['レポートに関しては自分の好きなことについて１つテーマを決めて書くので、比較的楽です。単位もレポートを出せばそれなりに評価は取りやすいと思います。ただし、レポートを出していなかったり、極端に出席が少ないとDが付きます。議論などを行うことは無く基本的に一方的な授業ですが、履修者も少なく先生に顔と名前も覚えられるのでゼミに近いかもしれません。']
61,2021,地域研究−ヨーロッパ事情Ⅰ,後藤秀和,一般教養,文系,5.0,5.0,5.0,4.0,あり,"[0, 0, 1, 0]","[1, 0, 0]","[0, 0, 0, 1]","[0, 0, 0]",['リアクションペーパーはレジュメの中に書かれている内容を問われる。授業を忙しくて見れなかった時もあったが、一行ほどの感想を書いて提出してもAが来た。全然キツくない。']
62,2021,地域研究−北米事情Ⅰ,水野里香,一般教養,文系,3.5,5.0,3.5,3.0,あり,"[1, 1, 0, 0]","[2, 0, 0]","[0, 0, 2, 0]","[2, 0, 0]","['アメリカのことについてスライドに書いている内容を音読していく。小レポートを期限内にしっかりと出す。期末レポートをしっかりと出すことだと思う。レポート内容は学科のまとめなので各授業について3文ぐらいずつでまとめておくと、それを全て繋げて余計な部分を削っていけば簡単に作成できる。', '毎回の授業はパワポが配布されて最後に5分程度で終わる簡単な小テストがあるのみだったので非常に楽でした。最後だけ1000字程度のレポートがありましたが世界史選択者なら余裕だと思います。ただ、高評価は取りにくいと思います。']"
63,2021,地学Ⅰ,杵島正洋,一般教養,理系,4.0,4.0,4.0,4.0,なし,"[0, 1, 0, 0]","[0, 1, 0]","[0, 0, 1, 0]","[0, 1, 0]",['毎回の課題は2日以内にグーグルフォームで提出、期末課題も期限が2週間程度ありグーグルフォームで提出します。レジュメがあるので、保存しておけば答えを探すだけで解ける簡単な課題です。欠点はオンデマンドだけど長い動画が3本あり90分で見終わらない点です。']
64,2021,地学Ⅰ,松本直記,一般教養,理系,4.0,4.5,4.0,4.0,なし,"[1, 0, 1, 0]","[1, 1, 0]","[2, 0, 0, 0]","[0, 1, 1]",['テストが良い点数ではなかったのに単位がきた']
65,2021,地学Ⅰ,里嘉千茂,一般教養,理系,3.0,4.0,4.0,1.0,なし,"[0, 0, 0, 1]","[0, 0, 0]","[0, 1, 0, 0]","[0, 1, 0]",['真面目に受けていれば高評価が取りやすいですし、そうでない人にとっても単位取得は容易。いわゆる楽単。']
66,2021,地理学Ⅰ,大島英幹,一般教養,文系,3.6,4.0,3.4,3.2,あり,"[3, 0, 0, 2]","[2, 1, 0]","[0, 0, 2, 3]","[0, 2, 0]","['唯一の課題にプレゼンがある。内容を早くから考えておかないと対応できない。', '楽でした', '出席は無し。授業は6回だけで7回目以降は課題発表となる。課題発表は1人でもいいしグループでも可。自分達が発表する時以外はログインする必要無し。Sがきた。', '複数人でのプレゼンテーションがある', '最終回の発表のみで内容面の大きなミスをしても普通に単位を貰えた']"
67,2021,地理学Ⅰ,湯澤規子,一般教養,文系,3.3,3.8,3.2,3.2,あり,"[0, 0, 0, 5]","[0, 0, 0]","[0, 0, 5, 0]","[0, 0, 5]","['期末レポート1発で、その量は多いかなと感じた。ただ、それさえすれば必ず単位はくる。', '課題結構きつい。評価厳しめ', '生きるについての地理学講義。期末レポをそれなりに頑張る。授業内容の発展的考察をしておく。地理学研究に熱心。学生への対応も丁寧。教授自身の学生時代の話や地理学者になった経緯を説明してくださったのは面白かった。社会学、歴史学が好きでないと面白くないと思う。', '独自の視点に基づく資料分析について学習する。面白い。出欠や課題が無く期末レポートの一発勝負になるが、難易度の高い課題なので成績は取りにくい。GPAに拘らない人はチャレンジしても良いと思う。', '胃袋と排泄物という、地理学では無いような地理学でした。音声配信なのですが、本当に楽しい！教養増し増しラジオ、おすすめです！期末レポートを頑張りましょう。なんてったって期末レポート一発科目です。期末レポートを頑張りましょう(2回目)。先生が授業で言っていたワードやエッセンスを踏まえて取り組めば良い評価が来ると思います。可愛い。優しい。綺麗。レジメにQRが付いていてそこから先生の動画に飛ぶのですが、1回目が衝撃的でした💩期末レポート一発(しつこい)ので、正直私も私の周りも、リスナーの義務を放棄していました。期末レポートを書く時にとても後悔したので、これから湯澤地理学を取る皆さんはコツコツラジオ聞いてください！', '音声なので溜めやすい&眠くなることはあるけど個人的には聞いてて楽しかった。レポートはしっかり取り組めばSきます']"
68,2021,地理学Ⅰ,長田進,一般教養,文系,4.0,4.6,4.0,3.9,あり,"[0, 0, 0, 7]","[0, 0, 0]","[0, 0, 7, 0]","[2, 4, 1]","['声質的に聞き取りにくくはありますが、滑舌が悪いわけではないです。ほぼ期末レポートで成績が決まります。参考文献を授業で与えられたPDFのみで乗り切っても、聞かれていることにきちんと答えられていれば単位は来ます。恐らく。', '(オンライン)地理的観点から見る立地論が主でした。毎週オンデマンドの動画と授業プリントが配信され、それのダウンロード状況と視聴割合が成績に含められます。これは確実にやっておいた方が良いです。授業プリントは穴埋め形式で動画を見て埋める形式です。3000文字程の期末レポートは3つの問いに分かれていて、授業プリントと配信を何となく見ていれば書けると思います。', '都市の形成など。期末レポ一本勝負だが、授業のレジュメの穴埋めをすれば余裕。優しそう。全てが面白かったので逆に書けない。レジュメをまとめただけでSが来るので、毎回の穴埋めをすれば大丈夫。動画は消えるから気をつけて。', '工業立地論。古典的概念。興味があればふつうに楽しい。何週か経つと動画とレジュメが削除されるうえ、レジュメの大事なところは穴埋めになっているので、定期的に動画を視聴すべき。期末レポートを書く上でこの穴埋めが役立つ。', '動画視聴さえしておけばほぼ期末レポートだけで成績つきます！(レポートもそこまで難しくないです)ただ動画は2~3週間で消えちゃうので早送りでとっとと見てしまう方がいいと思います！', '高校地理を多少掘り下げた程度、レジュメを見れば内容はある程度わかる。期末レポート出せば単位は確実。教授の話し方が遅すぎてオンデマンドでの高速再生ができなかったらと思うとゾッとする。地理が好きだった者にはオススメの楽単', 'オンデマンド授業が定期的に消されてくからそれまでに見てメモとってレポートでそれまとめれば単位はとれる']"
69,2021,基礎情報処理,福田浩章,文学部,必修・選択必修,2.0,3.0,1.0,1.0,あり,"[1, 0, 0, 0]","[0, 0, 1]","[0, 0, 0, 1]","[0, 0, 0]",['授業はほとんど外部リンク頼りだから授業と呼んでいいのか分からないレベル。ただひたすら課題をこなしていく感じだった。教授は質問すると一応ちゃんと返信してくれる。Office系は簡単だけど最後のホームページを作る課題は難しかった。教職のため以外なら取る意味はないと思う。課題は無駄に時間かかるし対してスキルが身につく訳でもないし。調べればすぐ出てくるような外部サイトを参考にしながらやるだけだからわざわざ授業として取る必要性が感じられなかった。']
70,2021,外国語特殊（英語）,ジェイムス・Ｍ・レイサイド,法学部法律学科／法学部政治学科,語学／語学,2.0,5.0,4.0,4.0,なし,"[1, 0, 0, 0]","[0, 0, 1]","[0, 0, 1, 0]","[0, 0, 1]",['先生が怖い。厳しい。当てて難しい質問をしてくる。90分間震えてる。春学期はプレゼン2回と期末レポート1500words以上と授業の取り組みで評価された。しっかりやってたらA以上は取れて、評価は甘め。授業は鬼。']
71,2021,天文学Ⅰ,下条圭美,一般教養,理系,3.7,4.2,3.5,3.5,なし,"[1, 6, 4, 0]","[4, 1, 1]","[0, 0, 2, 4]","[2, 0, 0]","['授業内容：言わずと知れた楽単、しかも高成績の取りやすい楽単。主に太陽系(特に太陽自身と太陽による地球への影響)に関し、数学や物理の内容をほぼ一切使うことなく説明してくれる文系でもわかりやすいと思われる内容。理系であればなお簡単だと思われる。単位、高評価取得のコツ：絶対に期限内に小テスト(毎回3,4問程度、選択問題)とリアペ(100字以上の感想や内容の要約、最終回のみ小テストなしの500字を超えない程度の感想や講義全体等の要約)を提出すればどうにかなる。小テストの点数と最終回の感想や要約の内容が成績に直結するため、不安な場合は誰かと答え合わせをする方が良いと思われる。先生の印象：かなりフレンドリーかつわかりやすく天文学を教えてくださることに全力を注いでくださっていた印象。自ら天文学の講義が楽単と言われていることをネタにしていた程度にはフレンドリー。履修にあたって：文系だから、地学選択じゃないから、といった心配は一切する必要が無い。全員とりあえず履修登録しておくべき。しかし、あまりにも人気な講義なので外れても仕方ない程度の心構えでいる必要あり。', '毎回の小テストは授業を聞いていれば簡単で、たまに計算問題がある。期限は3週間と、長い。', 'オンデマンドの授業再生して小テストとリアペ出せば単位くる。去年より単位取りにくいみたいなこと聞いたけど、別にそんなことない。むしろ楽。', '地球や太陽、その他の惑星などを扱う内容で文系にも理解できるように簡潔に教えていただける、毎回の小テストの点数の合計で評価は決まり自分で評価はどのくらいなのかは予想できる、小テストでは計算問題の配点が高くSを取りたいなら計算を落とさないようにすべき', '太陽を中心とする天文の知識を学びました。閲覧履歴を見ているらしいので、期限内に動画を見て小テストとレポートを出すこと。小テストでしくじらないこと。この授業は代々楽単楽単と言われ過ぎて、今年度から急に小テストが難しくなりました。特に数年間数学と縁が無かった人や数字嫌いな人、協力者がいない人にとってはキツいかも。こんなはずじゃ無かったのに。', '毎回の小テストの合計点で成績が決まる。今期は少し基準が引き上げられた為、Aを取るのは簡単、Sを取るのは少し難しい。']"
72,2021,女性学,辻佐保子,一般教養,文系,3.0,2.7,3.3,4.0,なし,"[2, 2, 2, 0]","[1, 1, 1]","[0, 3, 0, 0]","[1, 2, 0]","['◎課題・テストについて:オンデマンド授業を一週間内に見ればよく、毎回リアぺを提出。小テストも毎回あるけど授業の穴埋めだから全然平気。リアぺと小テストが出席の代わり。計3回、指定された中から好きな映画を見て（実費）問題提起をして考察分析レポートあり。期末レポートも含めて大体どれも2000～2500字。テストはオンラインでしかも授業内容の穴埋めなので普通に受ければほぼ満点が取れる。授業内容はジェンダー論や女性の権利の取得の過程とか、性差別の話など。なんとなくで履修したけれども、はっとさせられる話が結構多くて面白い授業で履修してよかったなと思う。出すもんさえ出してれば絶対に単位は来ます。期末レポと期末試験（オンライン）の割合が高いのでこれは両方絶対にやること。やらなかったら落単決定だと思います。この授業はレポートが高評価取れるかだと思います。（期末テストは上記の通り簡単）映画の考察分析（音響とか演者の服装とかに着目）をうまく授業内容と結び付けてレポートが書ければ好成績は望めると思います。教授はちょっと怖い感じがする。課題等の形式について質問をしても明確には答えてくれなかったり、反論されたりするのでちょっとビビりました。でも成績はちゃんとつけてくれたっぽいので全然悪い人じゃないです。淡々と話しているのではなくて、人を惹きつける話し方で聞きやすかった。厳しい先生かなって印象が最初から最後まであってよい成績は望めないかなと思ったけど、いざ成績を見てみるとSなので、頑張ればどうにかなりそうです、頑張ってください。映画を見てレポートを書くの楽しそうとか思う人いそうですが、ぶっちゃけ私は結構きつかったです。感想じゃなくて考察分析なので、映画を結構神経使って見ることになって疲れるし時間も取られるしで大変。面白い映画とも限らない。もし履修するなら見る映画はなるべく有名で短時間の映画を見ることがおすすめ（）', '女性学だから女性差別問題だろって思ってとったけど、そうでもなかった。社会問題の根幹にある差別構造とかをわかりやすく説明してくれたし、毎回新しい発見があったから授業内容は面白い。4回に一回自分で先生がリストアップした中から一本映画見てレポート書く。これが意外としんどいからこういうの無理な人は向いてない。普段のリアペと小テスト（穴埋め）は楽。期末もオンラインテストでプリント見てできるけど何故か期末レポートもついてた。レポート書くの嫌いな人はしんどいと思う。テスト一発型が苦手な人におすすめ。', '神単タグがついていたので履修してみたが、レポート3回+期末テスト(オンライン)+授業のたびにリアペと小テストで面倒くさかった。楽して単位が欲しい人間には向かない。授業内容も女性差別などのネガティブなテーマを扱うので、「この先生いつも怒っているなあ…」という印象を受けた。間違いなく神単ではない。']"
73,2021,宇宙の科学,アントニノ・フラキ,一般教養,理系,3.0,3.3,2.7,2.3,あり,"[0, 0, 0, 3]","[0, 0, 0]","[0, 0, 3, 0]","[0, 2, 1]","['授業はすべて英語。中間と期末にレポートがあった。15の問があって、それに答える形式。1問につき5行から10行くらいの記述を要求される。全部英語なのでものすごく時間がかかった。それでC。この授業を取ったためGPAが大幅に下がってしまい、後悔している。宇宙にすごく興味がある、英語がネイティブなみとかでないとかなりきついのでは。', '授業は宇宙や天文に興味があれば面白いと感じるとおもう。中間レポートと期末レポート(授業に関する問題15問程度)をそれなりに仕上げればSがもらえる。高成績が取りやすい。レポートは、ネットで調べるかパワポを見て、その内容を翻訳にかければ、それぞれ5時間程度で終わる。', 'オンデマンド授業であった。授業が全て英語でかつ宇宙の専門的な内容について扱っていた。授業では留学生が多く見受けられたが純日本人の筆者にはオンデマンド授業の内容が全て英語で全く理解できなかった。しかしオンデマンド授業を全く見なくても授業資料が毎回添付されるのでそれを見ながら中間、期末レポートを書けばそこそこ書ける。しかしレポートも全て英語で質問の意味がわからないことがよくあった。筆者はBしかもらえなかった。長くなったが英語が苦手な人にはこの授業は地獄でしかないだろう。中間、期末レポートの量も結構多いのであまりお勧めはしない。']"
74,2021,宇宙科学,竹川俊也,理工学部,その他,4.0,5.0,4.0,4.0,あり,"[0, 0, 0, 1]","[0, 0, 0]","[0, 1, 0, 0]","[0, 1, 0]",['ユニークな教授でした']
75,2021,宗教学Ⅰ,志田雅宏,一般教養,文系,3.7,4.4,2.9,3.9,あり,"[1, 7, 0, 0]","[5, 2, 0]","[0, 0, 7, 0]","[0, 3, 4]","['普段の授業はとても興味深く、講義時間は長めでしたが、面白かったので毎週すぐに見終わりました。ただ期末レポートが本当にきついです', '4000字ほどの期末レポート。４つの文献を読む必要があり、結構内容が難しい。理解するのに時間がかかった。だらだら三日間ほどかけて、Aだった。授業は90分を超える時もある（オンデマンド）。３、4回に一回小テストが出るので、その時に小テストに出てきたキーワード（語彙を説明するだけ）を探しながら一気見すれば良い。', '先生が凄い良い人感出てます。授業内容は難しいですが深い理解がなくとも期末課題はできます。', '授業動画が長い。内容が濃いのでメモをするために動画を止めながら見ていくとものすごく時間がかかる。期末レポートは、複数の課題文を読んでからそれらについて書くレポートだったのだが、その課題文自体がもう難しい。でもこの授業はすごく面白いしタメになる。それとそれなりに頑張ればちゃんとAは貰えた。教授の人柄は優しい。', '小テストが3回ありました。授業資料に答えはあるのですが、探すのは大変でした。授業はオンデマンドでしたが90分では終わりません。期末レポートは4000字程度、課題文を読んで問いに答えます。課題文が4つあり、全て読まなくてはならないので少しきつかったです。', '授業は毎回丁寧に説明してくれて面白い。先生が優しい。期末レポートはとりあえず字数埋めて提出すれば単位は貰えると思う', '唯一神を信仰する一神教を歴史的観点から説明する。小レポート（3回）と期末レポート（目安3000〜4000字）を提出する。質問に丁寧に答えてくださるし、とても丁寧で優しい先生です。興味のない人にはつまらないと思います。歴史的に分析、説明する授業なので、信仰心は問われません。']"
76,2021,微分積分入門,池田薫,経済学部,必修・選択必修,3.0,5.0,4.0,1.0,あり,"[1, 0, 0, 0]","[0, 1, 0]","[0, 0, 0, 1]","[0, 0, 0]",['試験なしで、毎回レジュメについてる問題を解いて提出。授業動画は無く、頑張ってねみたいな１分くらいの動画が毎回レジュメと共に送られてくる。ある意味楽単だが、内容の理解がほぼできないので今後困りそう。']
77,2021,微積分,丸山芳人,商学部,必修・選択必修,1.0,1.0,1.0,1.0,なし,"[1, 0, 0, 0]","[0, 0, 1]","[0, 0, 1, 0]","[0, 0, 1]",['唯一の落単。授業は毎回数枚の資料が送られてくるだけ。音声の説明は何もない。しかし、ほかの講師の微積分と比べると内容は難しい。']
78,2021,心理学Ⅰ,井垣竹晴,一般教養,理系,4.7,5.0,4.0,4.7,あり,"[0, 3, 0, 0]","[0, 3, 0]","[0, 0, 3, 0]","[2, 1, 0]","['毎回テストを解くのが大変だが、授業を聞いていればすぐに解き終わる。内容が面白いので、誰にでもおすすめできます。', '最後のレポートは、心理学の新書の要約とそれに関する感想、記述を書くというもの。頑張ったら1日で終わる。', '授業がとても面白かった。小テストも授業をちゃんと聞いていれば解ける内容で良心的。']"
79,2021,心理学Ⅰ,増田早哉子,一般教養,理系,4.5,4.5,4.5,4.5,なし,"[0, 0, 2, 0]","[2, 0, 0]","[1, 0, 0, 1]","[1, 0, 0]","['毎回オンデマンドの映像を視聴した後に感想と質問を書いていただけでSがもらえた。', 'リアクションペーパーでの出欠確認があり、一定数以上の欠席があると、問答無用でDになります。ただし、リアクションペーパーの内容は授業の一言感想など誰でも簡単に書けるものです。期末テストはマークシートなので、しっかり授業を受けて勉強している人は高評価を取りやすいですし、そうでない人もDが付くということはあまりないと思います。増田さんは私語に厳しく、私語をする人には退出をお願いすることもあります。授業内容は自身が体験することのできるものなどもありとても面白いです。']"
80,2021,心理学Ⅰ,寺澤悠理,一般教養,理系,3.4,3.0,3.0,4.2,なし,"[2, 1, 5, 0]","[4, 1, 0]","[5, 0, 0, 0]","[1, 2, 2]","['授業内容は面白いが、毎回のリアクションコメントとペーパー試験があるうち後者の比重が高く、単位を取りにくい印象。来学期は取らない。', '内容は面白いのだが、90分未満の動画に内容がつまっていて疲れを感じることも多かった。毎回のリアペは楽。授業で扱うものの量が多いために期末テストの対策は大変かもしれない。ただ、授業の内容をしっかり復習していれば高評価を得ることは容易。テストは完全に記述式であるため、自分で論理的に授業内容を追って復習することが重要だと思う。逆に、記述式が苦手であればこの授業は避けるのが吉かもしれない。', '授業内容は個人的には面白かった。オンデマンドだからそんなに長くないし、毎回軽いリアぺがあるぐらいだから普段の授業は楽。単位は対面期末テストの比重が重いから直前には勉強しないと無理。記述式だったからわりかし難しい、試験手応えなかったけどAきたから普段のリアペコツコツ出してればBぐらいは安パイかも。教授は可愛くていい人そう。毎回の映像に生徒も楽しめるようなもの出してくれるから好きだった。', '心理学とは何かから学べるため、興味のない人でも十分楽しめる内容、テストは記述式の問題が出るが講義をしっかり聞いてれば難しくない', 'リアぺは楽。記述式の期末試験は割と難解ためしっかり対策する必要がある。先生は優しい。実験なども面白かった。']"
81,2021,心理学Ⅰ,小松英海,一般教養,理系,5.0,5.0,5.0,5.0,あり,"[1, 1, 0, 0]","[1, 0, 0]","[0, 0, 1, 0]","[1, 0, 0]",['小テスト受けて、レジュメor指定の教科書見て期末レポ書けば単位くる。']
82,2021,心理学Ⅰ,川畑秀明,一般教養,理系,3.5,4.0,4.5,3.0,なし,"[2, 0, 1, 0]","[1, 1, 0]","[0, 0, 2, 0]","[0, 2, 0]","['リアタイオンライン。カメラオン必須だが、ほぼ一方的な授業。期末レポートは中止になった対面試験の代替のため、秋学期は対面試験かもしれない。レポートはレジュメの内容でも対応できると思われるが、提示された参考文献を読んで、その内容も交えて書いたらSだった。期末レポートのほかにブックレポートがあるが、これは相当酷くない限り点をくれるらしい。', '・1限の授業で、リアルタイムオンラインでした。カメラはオンにしてミュートで受けました。９時20分になると自動で入室できなくなるため、注意が必要です。・授業スライドを授業前に配布してくださります。カラーで見やすく、情報量も多いです。教授はスライドを丁寧に説明してくださります。最終回では、先生の専門である美の認識について扱いました。受講前は、特に心理学に興味はありませんでしたが、受講してみると知らないことだらけで、知的好奇心を刺激されました。また、ブックレポートの準備として心理学に関する本を読んだり、期末レポートの執筆前に、授業を振り返って自分の言葉でまとめたりすることで、心理学の基礎的な部分を習得できたと感じます。・毎授業後に、授業内容のまとめや感想などを簡単に(3分ほどで入力できる程度)入力し、それが出席確認となります。またズームの入室、退室時間も記録されています。・ブックレポートと期末レポート(テストの予定でしたが、新型コロナウイルスの感染拡大のためレポートに変更されました)が課されます。たしか、どちらも2000字だったと思います。授業内容等を参考にしながら書きました。・出席してレポートに真摯に取り組めば大丈夫です。']"
83,2021,心理学Ⅰ,望月要,一般教養,理系,2.0,5.0,1.0,1.0,あり,"[0, 0, 0, 1]","[0, 0, 0]","[0, 0, 1, 0]","[1, 0, 0]",['出席なし、小テストなし、期末レポートのみです！授業なんも見なくても単位きます！ただいい成績はきにくいと思います。']
84,2021,心理学Ⅰ,木島伸彦,一般教養,理系,4.3,4.3,4.3,3.9,あり,"[7, 0, 1, 0]","[6, 1, 0]","[7, 0, 0, 0]","[7, 0, 0]","['チョロすぎる。教員が過去問送ってくれて、8割同じ内容。', 'ちゃんと毎回Wordファイル提出して、テスト前に持ち込み用ペーパー作れば余裕', '楽だし面白い', '行動心理学とかかと思い履修したらただの高校倫理の発展版でガッカリ。課題をちゃんと出し（内容は簡単すぎてすぐ終わる）期末用のカンペをしっかり作れば（テストは持ち込み可）Sきます', 'オンデマンドで映像授業を受講します。毎回穴埋めをWord上で行ってファイルを提出する形。毎回課題をしっかり提出すること。テストの時A4用紙持ち込み可なので、毎回の授業で提出していた穴埋めプリントの情報を全て書き込んで臨めば絶対高得点とれますS来ます。とても優しく、難しい内容も身近なところを例にとって説明してくださる。バイトとして、一般人を警察と囚人に分けて擬似刑務所をやったら警察として振る舞う一般人が本当に高圧的になったこと。この授業は本当におすすめします。', '心理学だけど、人の心理を読む系ではない。真面目にやること。心理学の教授だなーと言う感じ。テストが対面でありましたが持ち込み可で、スライドをまとめた紙をテスト直前に作れば余裕で満点取れます。Sきました。時間があっても楽ですよ。', '持ち込みありのテストで事前に過去問を解いていたのでとても簡単だった。課題も重くないのでよかった。']"
85,2021,心理学Ⅰ,森井真広,一般教養,理系,3.0,2.0,4.0,4.0,なし,"[1, 0, 0, 0]","[0, 1, 0]","[0, 0, 1, 0]","[0, 0, 1]",['期末レポートが字数制限なし、テーマ自由で大変ですが、成績の付け方はそんなに厳しくないと思います！']
86,2021,心理学Ⅰ,田谷修一郎,一般教養,理系,4.6,4.7,4.5,4.7,あり,"[3, 8, 0, 0]","[9, 1, 0]","[10, 0, 0, 0]","[9, 1, 0]","['課題や試験自体はとても簡単。しかし簡単故に、完璧に仕上げていかないと高評価を取りづらい印象を受けた。', '授業が本当に面白いです。心理学の先生なので，生徒の心理を汲み取り，楽しませる授業を作ってくださってます。', '授業がすごく面白い', '面白い', '視覚を重視した心理学。ちょっとイメージとは違ったが、科学的で面白かった。毎回の小テストを答えること。小テストやオンラインの中間試験は答えが見られるので必ず満点をとる。対面の試験も授業を聞いていればわかる内容でした。私は対面試験の時簡単すぎて30分くらい寝ていましたが、Sきました。毎回の授業の冒頭で、「はい、心理学担当の田谷です」とおっしゃいます。東大の教授で真面目。目撃証言の信ぴょう性について扱った回が1番面白かった。抽選になるのもうなずける、真の楽単でした。内容も面白いです。', '出欠無しオンデマンド、レジュメ毎週配布。記憶、注意とかがメインの心理学で、錯視・アハ体験？的な題材も扱う。内容が普通に面白いうえに、テストもマークシート＋用語の問題10問くらいでめちゃめちゃ簡単。テストの前の時間にプリント眺めたくらいで臨んだけどSきた。課題は毎週の授業内容に関するクイズ5問くらい、学期を通じて2回中間クイズだった。これもプリント見れば余裕だし、満点取るまで何回も受けられる。満点とれたらそれを成績に加点してくれる。教授が仏すぎてありがたかった。', '優しい先生', '言わずと知れた法学部の楽単。倍率は高いが履修登録した方がいい。', 'オンラインなら、授業後から1週間の猶予がある課題(オンライン上、超簡単、プリントに全部書いてある)があり、中間と期末に復習課題(オンライン上、量多いけど、プリントに全部書いてある)があり、期末にペーパーテスト(持ち込み不可、プリントに書いてあることしか出ないので簡単)があります。教授は声低くて優しいです。とにかく課題を出すことが大事です。', '小テストは繰り返し解き直すことができるので簡単です。期末テストは（当たり前ですが）勉強していないとできないテストになっていました。授業内容自体が面白いのでそんなに勉強も苦では無いと思います。やることやってればSはきます。']"
87,2021,心理学Ⅰ,白野陽子,一般教養,理系,2.9,3.6,2.6,2.6,あり,"[3, 1, 5, 0]","[4, 3, 0]","[2, 5, 0, 0]","[0, 1, 6]","['普段の授業で課される課題は易しく、授業で疑問が残ったことなどを少し書くだけでしたが、オンラインの期末テストは難易度が高く、制限時間ギリギリでした。ですが、授業内容にあまり興味がなかった自分でも苦だとは思わなかったので、悪くはないと思います。あと、とても物腰柔らかい声をしているため、眠くなることもあります。', '心理学といっても生物学的な心理学の講義(認知心理学的なイメージ)でおそらく文系諸君には大変厳しい。単位取得の楽さは不透明だが、高評価は本当に取りづらい。教授の人柄は多分優しいんだろうけど授業が個人的には相性が良くなかったので取ることはないかな。心理学の中でもタフな方なので他の取れるならそっちとろう。', '期末試験がキツい。それに尽きる。先生の声は聴き心地がいいし、内容も面白かった。', '賢者です。彼女は愚者です。優しい声や雰囲気とは裏腹に鬼のような記述問題が期末試験で課されます。しかもそれで高得点を取ってもSを取るのはかなり難しいです。私はBでした。普段のリアペの内容も大事だと思います。授業内容は心理学と言うより脳科学です。それは予め覚悟しておいた方がいいかもしれません。ただ彼女はジョジョ好きです。それはとても評価できます。陽子ありがとう。アリーヴェデルチ。賢者でした。', '認知の仕組みや記憶などについてでした。全編オンデマンドでした。テストのみリアタイ。リアペを毎回きちんと出すこと！(教授が最初の授業でも成績評価の内訳を教えてくれます！)リアペの内容とテストのできだと思います。真面目そうな方です。盲点の実験や条件づけの実験の話が面白かったです。リアペの期日が授業翌日までなので、コンスタントにやることが大事です！', '授業時間が90分以下でありパワポも配られて次の日の18時までに200字程度のリアペを書けばいいので日々の負担は軽い。自分で錯視が発動してる写真を撮る中間課題やオンラインテスト前週の動作確認のアンケートが自分の不手際で提出できなかったり、期末オンラインテストがイマイチでもBはきたので単位は取りやすいのかなという印象。', 'オンデマンドで楽なのかと思いきや毎回授業の翌日18:00までにリアペ（200〜400字くらい）を出す必要があったので授業を金曜か土曜の午前中には見終えて内容を考えなければならなかったので時間的な縛りがあったように思う。期末テストは授業内でオンライン形式で行われたが、60分でしっかり解き切るのは難しいと感じた。というのも一回の授業で扱う内容が多く、試験勉強で全てを補い切れるものではなかったからだ。私は真面目にやっていたつもりだったが、評価はBだったので高評価の取り方はよく分からない。楽単ではないので楽をしたい人にはおすすめできない。']"
88,2021,心理学Ⅰ,鈴木清重,一般教養,理系,2.0,3.0,3.0,1.0,なし,"[0, 0, 1, 0]","[0, 1, 0]","[0, 0, 1, 0]","[0, 0, 1]",['オンデマンド授業。基本的に1週間以内に視聴してリアクションペーパーを提出しなければいけないので楽とはいえない。さらにオンデマンドなことをいいことに20分の授業をPart10まで出してきたことがあったので、割ときつい。さらにいえば内容が物理のようなものでほんとうにつまらなかったのでかなり地獄。結論、自分は二度と履修しない。']
89,2021,心理学Ⅰ,高山緑,理工学部,その他,4.0,3.0,5.0,4.0,あり,"[1, 0, 0, 0]","[0, 1, 0]","[0, 0, 1, 0]","[0, 1, 0]",['毎週かく']
90,2021,情報リテラシー基礎,五月女仁子,商学部,その他,4.0,5.0,5.0,3.0,あり,"[1, 0, 0, 0]","[0, 1, 0]","[0, 0, 0, 1]","[0, 0, 0]",['グループワークを選択するかしないかでかなり変わります。グループワークを通じて友達を作ったりできました。課題はインターネットに少し強ければ余裕で毎回こなせると思います。ネット音痴でも1時間くらいで終わっていました。']
91,2021,情報リテラシー基礎,山地秀美,商学部,その他,3.5,4.0,4.0,2.5,なし,"[2, 0, 0, 0]","[0, 2, 0]","[0, 0, 0, 2]","[0, 0, 0]","['最後の方になって教師のやる気がなくなり適当でも受理されるようになる', 'WordやExcelの使い方を中心に学ぶ。毎週の課題をしっかり出すこと。多分普通に課題やってればS来ると思います。対面での授業でしたが、一つ一つの作業の時に学生の周りを歩いて分からないところを丁寧に教えてくださったのでとても優しい方だと思う。1回か2回課題を遅れて提出したが、Sが来た。諦めずしっかり毎回課題を出すことが大事だと思った。毎回期限内に出していればほぼ100%Sだと思う。']"
92,2021,情報リテラシー基礎,恩田憲一,商学部,その他,4.5,5.0,5.0,3.0,なし,"[2, 0, 0, 0]","[1, 1, 0]","[0, 0, 2, 0]","[1, 1, 0]","['スライドのみの授業。課題提出がなければ5分で終わる。課題提出がある際はまじめにやる。スライドのみなのでよくわからないが、鬼畜とは程遠い。超楽単である。最初の授業で2000字？程度、この授業に対する心構え的なものを書かされる為、きつい授業なのかと思うが、そこを乗り越えればあとは2回しかレポートがない。期末レポートはスライドを見ながらやれば良い。よほどの機械音痴でなければSがくる。4単位分のSがくるとかなり大きいので、是非履修をおすすめする。', '期末レポートのほかにレポート提出が２回ある。1回提出期限を過ぎても期末レポートをちゃんとやればSがくる。期末レポートは最後の授業のスライドを見ながらやればできる。']"
93,2021,情報処理Ⅰ,恩田憲一,法学部法律学科／法学部政治学科,その他／その他,4.0,5.0,4.0,4.0,あり,"[1, 0, 0, 0]","[1, 0, 0]","[0, 0, 1, 0]","[0, 1, 0]",['時間を割いたわりには成績は美味しくない。ただ単位が欲しい人はすごくおすすめ。']
94,2021,情報学基礎,矢向高弘／山中直明,理工学部,必修・選択必修,4.0,5.0,5.0,3.0,あり,"[1, 0, 0, 0]","[0, 1, 0]","[1, 0, 0, 0]","[0, 0, 1]",['課題を1つ遅延して受け取ってもらえなかったが、期末試験を頑張ったらSが来た。カンペ持ち込み可なのでとにかく丁寧に全部書くことが大事。課題の提出期限が23:50で他の課題と違うので気をつけた方がいい。']
95,2021,憲法（統治）Ⅰ,山本龍彦,法学部法律学科,その他,5.0,5.0,5.0,5.0,なし,"[1, 0, 0, 0]","[1, 0, 0]","[0, 0, 1, 0]","[0, 1, 0]",['試験ではなくレポートによる評価だった。単位取得が不安な学生は救済レポートを書けば良い。本レポートは比較的難しい課題が与えられるが、救済レポートを出さなくても授業内容を踏まえてて書けばSがくる。']
96,2021,政治学Ⅰ,中野勝郎,一般教養,文系,1.0,1.0,1.0,1.0,あり,"[0, 0, 1, 0]","[0, 1, 0]","[0, 0, 1, 0]","[0, 0, 1]",['授業はYouTubeで配信します。レポートを出したし、リアペもちゃんと出したのに何故か落単しました。周りの友達も単位落としている子が何人かいたので単位取りにくいかと。おすすめしません！']
97,2021,政治学Ⅰ,伊藤隆太,一般教養,文系,4.5,5.0,5.0,3.5,あり,"[0, 0, 0, 2]","[0, 0, 0]","[0, 0, 1, 1]","[1, 0, 0]","['本読んでレポート書くだけ。授業はYouTubeのリンクが送られてくるだけ。恐ろしく楽だったけど、シラバスで興味もって取っただけに残念。先生のYouTubeの再生回数と本の売り上げを稼いであげただけだった。悔しい', '単純に授業内容も面白く、期末レポもA4一枚で楽勝でした〜']"
98,2021,政治学Ⅰ,岡山裕,一般教養,文系,2.0,2.0,2.0,2.5,あり,"[0, 0, 0, 1]","[0, 0, 0]","[1, 0, 0, 0]","[0, 0, 1]",['それなりに勉強をしてテストに臨みましたが普通に落としました。テストの形式としては大問2つの論述で、暗記のみで受けると危険です。']
99,2021,政治学Ⅰ,松浦淳介,一般教養,文系,2.0,1.3,1.0,3.3,あり,"[3, 5, 0, 0]","[0, 3, 3]","[0, 0, 6, 0]","[0, 1, 5]","['先生はイケおじ。ただ、評価が厳しい。最初のガイダンスで昨年は5割落単させたと言っていたから、しっかり授業きいて理解しないとダメだと思う。', '楽単だと思わないほうがいい。落胆します。', '全部出してＤ出した！恨みます！', 'そこそこ授業聞いてちゃんとレポート書いてようやくCでした', '課題全部出してもcでした。評価厳しい。', '政治制度や政治思想について簡単に説明する。結構キツい。全ての課題を提出しないと落単すると思われる。去年は40％くらいの人が落単したそうだ。結構キツい。A以上を取った人をあまり見かけない。論理的で優れたレポートが要求される。優しい人柄だが、成績に関しては厳しい。この講義を受講することはあまりおすすめしない。他に行きましょう。']"
100,2021,政治学Ⅰ,梅澤佑介,一般教養,文系,2.0,2.0,2.0,2.0,あり,"[0, 0, 0, 2]","[0, 0, 0]","[0, 0, 2, 0]","[0, 1, 1]","['期末レポートのみの評価となっていたため、期末レポートを提出すれば評価はともあれ単位が来ると思っていたが、期末レポートを提出したが単位は来なかった。', '期末試験が実施できないということで代替レポートが課された。問は2つで文字数は1200字×2だった。授業内容について理解した上でそこから自分が考察したことをまとめるものであった。先生は良い成績は与えないとおっしゃっていて不安だったが、ありきたりな内容を書いてもAが来たので恐らくそこまで厳しくない。']"
101,2021,政治学Ⅰ,滝田遼介,一般教養,文系,3.5,4.5,3.5,3.0,あり,"[1, 0, 0, 1]","[0, 1, 0]","[0, 0, 2, 0]","[0, 1, 1]","['毎週音声なしのパワーポイントが送られてくる。内容は近現代の日本の政治史。レポートを文字数多めで出す。レポートを文字数多めで出す。日本史を受験で使わなかった人は、他の人より文献をたくさん読まなきゃいけないし、難しいかも。でも面白くてお勧めです〜', 'ほぼ日本史。外交史と言っていますがこれは日本史です。中間レポートと期末レポートの形式条件を守って提出すること。かなり指定があります。中間レポートは、書評でした。きちんと読んだよということが伝わるレポートを書けば良いと思います。期末レポートは、きちんと授業内容を理解したよということが伝わるレポートを書けば良いと思います、当たり前ですが。今年から担当されたらしく様々な点で不詳です。毎回推奨本がたくさんあって知識のある先生なのだなと思いました。最初一回の授業でパワポが60枚もあり、大変でしたが、よくよく考えてみると、これただの日本史やんけ〜…となり、授業を受けなくなってしまいました。それでも中間レポートは、授業と関係無く書評を書けば良いだけ、期末レポートも僅かに残る受験の日本史の知識で乗り切った結果Aが来たので良心的な授業だとは、思い、ます。']"
102,2021,政治学Ⅰ,諸橋英一,一般教養,文系,2.0,2.0,2.0,3.0,あり,"[0, 0, 0, 1]","[0, 0, 0]","[0, 0, 1, 0]","[0, 0, 1]",['授業は面白いが、あまり興味がない分野故に少し苦痛だった。期末レポートは4000〜6000字。重すぎる。かなり時間を割いたが、その割に評価は伸びなかった。']
103,2021,政治学基礎,小嶋華津子／堤林剣／細谷雄一,法学部政治学科,必修・選択必修,2.0,3.5,2.5,1.5,あり,"[0, 0, 0, 2]","[0, 0, 0]","[2, 0, 0, 0]","[0, 0, 2]","['小嶋はこれ出す？って問題を出してきます。', 'オムニバス形式の授業。内容はあまり面白くない。完全期末試験一発勝負。一回たりとも動画も見ず一秒も勉強せず試験に臨んだら論述ではなく完全に暗記問題だったので目の前が真っ暗になり試験時間中とても暇だった。だがなぜか単位は来た。']"
104,2021,教育学Ⅰ,山本正身,一般教養,文系,3.5,4.5,3.5,3.0,なし,"[0, 0, 2, 0]","[2, 0, 0]","[0, 0, 2, 0]","[0, 1, 1]","['毎回のリアペは必須で、リアペを出していた人のみ期末レポートの提出が可能。リアペは教授にメールを送るというものだが、しっかりと返事がもらえる。', '今学期は、全授業がオンデマンド形式で行われた。授業が火曜日にあったが、その週の土曜日までに担当教員のメアド宛にリアクションメールを送るという比較的簡単な出欠確認だった。成績評価は3000字程度の期末レポートと出欠で行われ、期末レポートはテーマに合う授業さえ視聴すれば書けるものであった。普通に取り組めば良い評価がもらえる。']"
105,2021,数学Ⅰ,丸山文綱,文学部,その他,3.0,4.0,3.0,3.0,なし,"[1, 0, 0, 0]","[0, 1, 0]","[1, 0, 0, 0]","[0, 1, 0]",['普通に数3の範囲がでてきます。微積ぐらいはできないと辛いかも。期末テストは数学について語る問題があるのでそこでひたすら文章書けば計算問題できなくてもBはきます。']
106,2021,数学Ⅰ,水澤篤彦,法学部法律学科／法学部政治学科,その他／その他,4.0,5.0,5.0,3.0,あり,"[1, 0, 0, 0]","[0, 1, 0]","[1, 0, 0, 0]","[1, 0, 0]",['毎週課題があり、１０問ほど問題を解いて提出。ほとんど高校の範囲なので復習っていう感じ。課題には、時々難しい問題はあった。試験は異常に簡単。本当に簡単。授業見る前の4月の時点で試験を受けても９割以上は取れたと思う。数学が少し好きor高校時代まぁまぁ得意だった人は、絶対に取るべき。高校時代全然得意じゃ無かったけどSだった。']
107,2021,数学１Ａ,早野健太,理工学部,必修・選択必修,1.0,3.0,2.0,1.0,あり,"[0, 1, 0, 0]","[0, 0, 1]","[1, 0, 0, 0]","[0, 0, 1]",['春学期は常にこの人に頭を悩まされていた。他のクラスと違ってこの人は授業時間中に毎回小テストを行いそれを平常点にするのだが、しっかり対策していても小テストは全然解けないので平常点はあまりないと思っておくのがいいと思う。生徒からの質問への対応も不誠実であるため、非常に不快。教科書を解いてなんとか単位取得にこぎつけた。']
108,2021,数学１Ａ,服部広大,理工学部,必修・選択必修,3.0,3.0,3.0,3.0,あり,"[1, 0, 0, 0]","[0, 1, 0]","[1, 0, 0, 0]","[0, 0, 1]",['中間試験無し、期末試験は対面。計3回レポート提出があって、内容は問題演習で難易度は授業を聞いてれば解ける程度。オンデマンド授業。ただただ難しい。最後まですんなり理解するのはまず無理だと思うから、授業は貯めず疑問が出たら授業やノート・教科書をすぐ見直す、先生にメールで質問する、TAを利用するなどしてとにかく疑問を残さないようにすれば、試験で高得点が狙えるかも。落単ラインは謎だけど、試験で6割取らないと落単みたいなことはない。今年の試験は、この先生の授業は大体5割が平均だった。6割届くか届かないかくらいでA貰えたから成績評価は厳しくはないと思う。期末試験の過去問（解答なし）をくれたり、メールで質問すると迅速に丁寧に対応してくれる。授業は大変だけど優しい先生だった。（2021年度の情報です）']
109,2021,数学２Ａ,栗原将人,理工学部,必修・選択必修,3.0,4.0,4.0,4.0,あり,"[1, 0, 0, 0]","[0, 1, 0]","[1, 0, 0, 0]","[0, 0, 1]",['中間試験はオンライン試験（持ち込み可）、期末試験は対面。課題は毎週提出で、内容は問題演習であり大きな負担ではない。リアルタイム授業を1時間ほど行い、別途用意されている動画を見て授業を進める。リアルタイム授業の内容が理解しづらいことが度々あった、ぶっちゃけ用意されている動画と教科書だけで学習は進められる気がする。中間試験は先生によって問題が異なるが、期末は共通の問題。期末試験は中間試験以降の範囲が多めに出題。難しかった。ちなみに問題用紙は回収されたため恐らく2021年度の過去問は無い。期末の採点結果や解答は公開されていないが、体感5割あるかないかでAなので成績評価は厳しくないとは思う。課題の成績配点が割と高いのでしっかり提出するべき。']
110,2021,数学２Ｂ,太田克弘,理工学部,必修・選択必修,3.0,4.0,3.0,3.0,あり,"[1, 0, 0, 0]","[0, 0, 1]","[1, 0, 0, 0]","[0, 0, 1]",['課題が授業の翌日締め切りだったため、バタバタ課題に追われた。']
111,2021,数学３Ａ,井口達雄,理工学部,必修・選択必修,2.0,1.0,1.0,3.0,あり,"[1, 0, 0, 0]","[0, 0, 1]","[1, 0, 0, 0]","[0, 0, 1]",[]
112,2021,文化人類学Ⅰ,井上京子,一般教養,文系,3.5,4.8,3.0,2.5,あり,"[4, 1, 0, 0]","[4, 0, 0]","[4, 0, 0, 0]","[0, 4, 0]","['リアタイオンラインだが、出席は取らずアーカイブも残るため実質オンデマンドだった。今年だけかもしれないので要確認。課題は軽いものがたまに出る。成績の比重は不明。対面試験で、持ち込みは不可。授業で扱った内容が、法学部入試の歴史のような選択問題で問われる。論述問題も1問あり、お題は事前に告知される。論述を事前に考えていき、レジュメである程度対策をしたらAだった。', '思ったより理系', '毎回の授業はほんとに楽で出欠もなく、たまに簡単な課題が出るだけでした。ペーパーテストは記述問題が事前に内容を教えてくれるためそれをしっかり考えれば単位はくるとおもいます。あとは穴埋めが出ましたが、ちゃんとやっているか過去問を持っていれば簡単なのだと思います。', 'つまらない。教え方があまり上手ではない。']"
113,2021,文化人類学Ⅰ,法橋量,一般教養,文系,3.5,4.5,3.5,1.5,なし,"[0, 0, 0, 2]","[0, 0, 0]","[2, 0, 0, 0]","[2, 0, 0]","['主に日本、ドイツ、フィンランドの民俗学を学ぶ。先生が授業に慣れていないのか、話がだらだらしていて全然頭に入ってこなかった。真剣に聞けば面白いと思う。テストは持ち込みOKの論述問題なのでレジュメをプリントアウトしてそれっぽいことを書けば楽に単位がもらえる。', 'ひたすら先生が話したり、動画を見たりする授業。先生の専門がドイツなので、ドイツに興味があると授業全般面白いと思うが、文化遺産やヨーロッパの祭りなど、さまざまな分野を取り上げるので、自分の好きな分野の授業を聞いておけば良い。出席点があるので、授業には出るべき。内職は全然できる。試験は単元ごとの大問で、どれか１つ？２つ？(忘れました、すみません)を答えるだけなので、自分が好きな分野を選べんで答えればよく、楽。電子機器以外の全ての持ち込みが可能。試験前にはレジュメを大量にに印刷し、それを参考にして論述を書けば、相当おかしいことを書かなければ単位は来ると思われる。']"
114,2021,文学Ⅰ,加藤有佳織,一般教養,文系,4.0,4.5,4.0,3.5,あり,"[1, 0, 1, 0]","[1, 1, 0]","[0, 0, 1, 1]","[1, 0, 0]","['日本語訳がない本は英語で読むことになるので、英語を避けたい方にはおすすめしないです。作品の内容は興味深いですし、自分でレポートのテーマを決められるので、楽しくレポートに取り組めました。', '授業12回のうち、3回に1度レポートの提出がありました。1000-3000字でしたが、出せば単位は来ると思います。私はそんなに時間はかけず、とりあえず全部だしてB来ました。']"
115,2021,文学Ⅰ,小菅隼人,一般教養,文系,3.8,4.0,3.8,3.0,なし,"[0, 0, 1, 3]","[1, 0, 0]","[4, 0, 0, 0]","[2, 2, 0]","['シェイクスピアが書いたものをある程度読んでいないと楽しめないかも。シェイクスピア好きには簡単な授業だったかも。期末テストは過去問通りで嬉しかった。テストは結構良い出来だと思っていたのに成績はAだった。小菅さん嫌いじゃない。演劇について語り合いたい。', 'シェイクスピアについて。授業はほぼ聞かず、期末前に過去問1年分をしっかり解いただけでSが来たが、3割が落単するらしい。その3割は解答用紙真っ白とかほぼ埋めてない人だそうです。ほんとにシェイクスピアが好きなんだなーという印象', 'シェイクスピアの作品と演劇について。試験前の最後の授業は必ず出席する。今回は事前に出される問題をほとんど全て教えてくれた。記述式のため作品のあらすじや登場人物の名前など細かい部分も頭に入れておく。穏やかで優しい方でした。シェイクスピアへの愛がすごく感じられ、講義を聞いていて楽しかったです。', '出席確認のみでリアペや小テストはほとんどなし。自分の意見を述べる小テストが2、3回だけあった。教授は優しかった。熱意が感じられた。試験は必須と選択があり、ある程度山を張れると思う。']"
116,2021,文学Ⅰ,恋田知子,一般教養,文系,3.0,4.0,3.0,3.0,あり,"[0, 0, 1, 0]","[1, 0, 0]","[0, 0, 1, 0]","[0, 1, 0]",['オンデマンド授業を聞いていればリアペは余裕。時間的な猶予もあるので、その日に聞かなくてもいい。レポートもまあまあ']
117,2021,文学Ⅰ,朝比奈緑,一般教養,文系,4.0,4.5,3.0,3.5,あり,"[2, 0, 0, 0]","[2, 0, 0]","[0, 0, 2, 0]","[2, 0, 0]","['授業時間が短くレポートの負担も大きくない', '3週間に一回の小レポート400字があるため、授業は3回に1回だけ見ればいい。期末のレポートも楽。ただSはとりにくい']"
118,2021,文学Ⅰ,栗本賀世子,一般教養,文系,3.3,4.0,3.7,3.0,なし,"[1, 0, 2, 0]","[1, 2, 0]","[0, 0, 3, 0]","[1, 2, 0]","['授業は短いということはありません。', '授業自体は普通に面白いが、リアぺを１回でも出さないとその時点でDになるのは少し厳しめ？動画が90分＋リアぺ400字なので負担はまあまあ。期末レポは授業内容の確認系だが、講義動画は２週間ほどで消されるので毎回教授の言ったことをメモしないと答えられないと思う。']"
119,2021,文学Ⅰ,津田眞弓,一般教養,文系,3.0,4.0,4.0,2.0,あり,"[0, 0, 1, 0]","[0, 1, 0]","[0, 0, 1, 0]","[0, 1, 0]",['赤本や黄表紙を原本の写真とともに読んでいく授業。私は興味がなかったために寝まくったが、ここまでしっかり昔の本を読むことはなかなかないので好きな人は楽しめる気がする。オンデマだが、毎回授業時間内にリアペ(200字程度)の提出が求められる。また、先生は理解のある方で非常に親切。質問には丁寧に答えてくれるうえ、やり方の解説動画もあげてくれる。説明も理路整然としている。教科書が文庫本であり、期末レポートを書く際にそれを読まなければならないことを面倒に感じる人がいるかもしれない。レポートは楽ではないが普通。すべて期限内にこなせば余裕で単位は来る気がする。']
120,2021,文学Ⅰ,福田桃子,一般教養,文系,3.0,2.0,3.0,3.0,あり,"[0, 0, 0, 1]","[0, 0, 0]","[0, 0, 0, 1]","[0, 0, 0]",[]
121,2021,料理と科学Ⅰ,アントニノ・フラキ,一般教養,理系,1.0,1.0,1.0,2.0,あり,"[1, 0, 0, 0]","[0, 0, 1]","[0, 0, 1, 0]","[0, 0, 1]",['オールイングリッシュでいつでも見れるオンデマンド授業。中間と期末レポートの２つで成績評価。十数問の質問に対してそれぞれ答えを記述する形式。少しの遅れには寛容だが採点は甘くない。対面の頃は超楽単だったらしいが今は鬼。帰国子女でも理科がさっぱりだと着いていけない。レジュメだけ読んで書こうとしても何も理解できなかった。理科を全く知らないﾄﾞ文系ならば絶対に履修すべきではない。必ず後悔する。分子や原子など最低限の理科の知識があれば英語力はそれほど問題にはならないだろう。ただ先生はイタリア人なので非常に訛りが強く聞き取りづらい。']
122,2021,日本経済概論,白塚重典,経済学部,必修・選択必修,4.0,4.0,4.0,2.0,あり,"[1, 0, 0, 0]","[0, 1, 0]","[0, 1, 0, 0]","[0, 1, 0]",['つまんないけど単位はくる。高評価狙いなら課題は丁寧にやろう。']
123,2021,映像・音響文化論,柴田康太郎,一般教養,文系,4.0,4.0,3.7,4.0,なし,"[1, 0, 3, 0]","[0, 2, 1]","[0, 0, 3, 0]","[0, 1, 2]","['映像をしっかり見てコメントを書くとなると結構時間がかかった。(1授業に3時間くらい)', '映画の音楽について、毎回違う映画を取り上げながら学んでいく形でした。毎回リアペを出して期末レポートも提出すれば単位は来るのではないでしょうか。春学期中2回リアペの提出期限を過ぎてしまったり、1回動画公開期間中に見忘れてリアペを空欄のままで出してしまいました。その失態を挽回すべく、他の回リアペは自分の考えを交えながら聞かれたことに正確に答えることを意識して真面目に取り組みました。そういった回は、授業でも私の意見が取り上げられることが多かったです。また、+αの課題や、期末レポートの条件をきっちり守って(「必ずしも〜しなくていいです」の言葉に甘えませんでした)取り組んだ結果、Sが来ました。意欲を見せることが大事だと思います。今年度の春学期から初めて担当されたそうでシステムに不慣れな印象でした。リアペ提出期限を過ぎてしまった際に謝罪メールを送ったところすぐに返信が来て対応が優しかったです。難しい映画の理論、というよりとにかく映画を見てみよう！というスタイルで楽しかったです。リアペ・出欠の期限が金曜日の授業〜日曜の23:59までと短く、1週間では無いことに注意です。また、1回だけリアペの提出期限が2週間後のことがありましたが、panopto上では授業動画は1週間で消されてしまうらしく2週間ギリギリで溜めてしまった結果、授業が見れないという事態が発生し、やむなく空欄のリアペを提出しました。どの授業でも言えることですが、公開された授業はなるべく早く見ましょう。', '授業内容は映画や映像系に興味がある人は面白いと思います。']"
124,2021,有機化学演習１Ａ,須貝威,薬学部,その他,5.0,5.0,5.0,4.0,なし,"[0, 0, 0, 1]","[0, 0, 0]","[0, 0, 0, 1]","[0, 0, 0]",['毎回問題の解説をまとめたものを提出すればsがもらえます。自由科目ですが有機化学のテストに役立つのでおすすめです。']
125,2021,有機化学１,須貝威,薬学部,必修・選択必修,3.0,4.0,2.0,3.0,なし,"[1, 0, 0, 0]","[0, 1, 0]","[0, 1, 0, 0]","[0, 0, 1]",['2回のウェブレポートの成績の平均で最終成績が決まる。A取れたと思ったが、Bだった。']
126,2021,朝鮮語第Ⅰ,沈永三,法学部法律学科／法学部政治学科,語学／語学,4.0,5.0,5.0,4.0,なし,"[0, 0, 0, 1]","[0, 0, 0]","[0, 1, 0, 0]","[0, 1, 0]",['試験は難しくなく、ちゃんと勉強していれば基本的に単位はくる。採点は結構甘い。']
127,2021,東アジアの伝統と挑戦,岩間一弘／高橋智／前田廉孝／三尾裕子,文学部,その他,3.0,4.0,4.0,2.0,なし,"[0, 0, 1, 0]","[1, 0, 0]","[0, 0, 1, 0]","[0, 0, 1]",['オムニバス形式で、いろんな学問分野のいろんな大学の教授が授業をしてくれる。基本zoomだが、zoomの録画がupされる。翌週までにリアペを出せばOK。私はzoomに参加せず録画で受けていたのだが、Aがきたため評価に差は出ないと思われる。いろんな学問分野を扱うため、当たり外れが大きい。自分の興味のない週は寝落ち必須だった。期末は授業内試験で、50分で800字レポート×2が課された。内容は、春学期の授業から好きなものをふたつ選んで考察や感想を述べるといったもの。私は後半時間が足りずごっちゃごちゃな文章を提出したがちゃんと単位がきた。']
128,2021,歴史Ⅰ,伏見岳志,一般教養,文系,4.0,4.0,4.0,4.0,あり,"[3, 0, 1, 0]","[2, 2, 0]","[0, 0, 4, 0]","[1, 3, 0]","['世界史選択で、人類誕生〜ローマらへんまでの歴史に抵抗がなければ、楽しいと思う。期末がレポートだったのもあると思うが、歴史といっても暗記は必要ない。むしろ考察力が求められる。他の人の意見と被るとたまに減点されるが、そこまで気にすることではない。', '200字程度の課題が毎回出されるので面倒だが、きちんとやれば単位は来ると思う。中間も期末もレポートがあるので大変だった。授業はオンデマンドながらも工夫がされていて面白かった。', '課題が出される頻度が高いが1回の分量は少ない', 'NHKの番組などを参考動画として載せてくれるのですが、その動画が面白いです。']"
129,2021,歴史Ⅰ,佐々木健策,一般教養,文系,4.0,5.0,3.5,4.0,あり,"[0, 1, 1, 0]","[1, 1, 0]","[0, 1, 1, 0]","[2, 0, 0]","['今年度で慶應での授業を持たなくなるそうです。初回と最後の授業では先生自身が出演したブラタモリを観るという神授業がありました。毎回の授業後の課題は映像を見て、パワポの穴埋めをしていれば難なく答えられます。', '小田原を中心に関東の歴史について取り上げています。歴史(特に鎌倉〜江戸前期)が好きな人なら取っておいて損はないのでは。毎回100字程度は書く必要がありますが、それさえきちんと書いておけば単位は確実に来ます。']"
130,2021,歴史Ⅰ,大島朋剛,一般教養,文系,1.0,1.0,1.0,2.0,あり,"[0, 0, 0, 1]","[0, 0, 0]","[0, 1, 0, 0]","[0, 0, 1]",['テストが難しく，文系のわたしは特に苦労しました。']
131,2021,歴史Ⅰ,新井和広,一般教養,文系,2.5,2.5,2.5,2.5,あり,"[0, 0, 0, 2]","[0, 0, 0]","[2, 0, 0, 0]","[0, 1, 1]","['授業を聞いていれば、過去問や情報がなくても問題ないです。ただ、授業動画が2週間で消されるのでその前までに見ることが大事です。内容は、世界史が好きな人にとっては面白いと思います。', '期末テスト一発勝負なうえにテストの内容がかなり難しいのでしっかり勉強していかないと落とします。']"
132,2021,歴史Ⅰ,東海林亜矢子,一般教養,文系,4.0,4.7,4.0,3.3,あり,"[2, 0, 1, 0]","[2, 1, 0]","[0, 0, 0, 3]","[0, 0, 0]","['日本の皇位継承の歴史を古代から扱う。日本史や皇室の歴史が好きな人にはおもしろい授業だと思います。かと言って別に世界史選択や皇室の歴史を全く知らなくても理解できないことは全然ありません。毎回のリアクションペーパーは授業内容のまとめで字数の指定もないので、2、3行でも大丈夫なようです。とりあえず出せば単位は来ると思います。リアペは字数制限がないとはいえ、詳しく書けば書くほど評価はもらえます。リアペで要点となりそうなところは、スライドにわかりやすく太字や大きな字にして書かれているのでそれを使ってまとめると良いです。私は世界史選択で日本史はほとんど忘れていましたが、毎回400〜1000字でまとめてSでした。楽単なので心構えしておくべきことはまったくありません。先生もいい人だと思います。ただ、話し方が少々ゆっくりで話も行ったり来たりする感じなので、聞いていてもどかしくなることが多々ありました。そのくらいです。', '古代の皇位継承についての授業。課題は火曜日に出るが、期限がその週の土曜日なので余裕はある。課題を出したことで出席扱いになり、課題の内容が採点されて成績がつく。真面目に出していれば単位が来ないということはまずないと思う。']"
133,2021,歴史Ⅰ,片山杜秀,一般教養,文系,3.6,4.1,3.6,3.2,あり,"[0, 0, 0, 8]","[0, 0, 0]","[0, 0, 8, 0]","[1, 3, 4]","['ラジオ。1回1回のリアペがないから溜めてもOK。指定された教科書の内容が普通に面白かったから、期末レポートではその教科書をまとめただけで出したけどAくれた。毎回の課題ないからいいけど4000字レボートは楽じゃない。', '水戸学。期末レポに全てがかかっている。喋りが遅い。同じ話を繰り返す。一回の授業分として5時間の音声をアップされたことがあった。期末レポ4000字書けるなら取ってもいいと思う。', '陸軍の歴史について場合によっては江戸まで遡って考察を展開されていた、4000字レポート一発勝負なので文章を書くのが苦手な人は避けた方がいいかも、ただしその分文章をしっかり書けばちゃんと評価はしてくれて比較的高評価は取りやすいイメージ', '小松左京について学んだ。指定された教科書を読んで、自分で図書館で参考文献探せば単位は来る。教授の声が優しい。あと成績も優しくつけてる気がする。', '水戸学とか尊皇攘夷についてで、学期中に出た教授の著書を教科書指定されました。期末レポをちゃんと出すこと！レポートの内容で勝負するしかないです。全部音声パワポだったためよく分かりません。混乱しがちな幕末史が多少ちゃんと理解できるようになりました。片山さんの歴史はいくつかテーマがあるので、自分の好きそうな分野を選んで受講すれば苦じゃないと思います', '期末レポート100%で、4000字以上。3日ぐらいかけたが、Sが取れた。', '主に日本の戦争の話を扱う。とても面白い。成績は期末レポートのみで決まる。内容は授業内容に則したいくつかのテーマから選択。8000字以上。般教のレポートとしては字数多い。しかし、書いて提出すれば基本的にC以上がつく。逆に出さないと確定でD。自分は本を３冊ぐらい読んで適当に書いたらAだったので比較的高評価も取りやすい。テストや出席よりレポート派っていう人にはおすすめ。', '授業聞かなくてもレポートさえ出せばAがくる']"
134,2021,歴史Ⅰ,舟橋倫子,一般教養,文系,4.0,4.2,4.2,3.5,あり,"[1, 0, 4, 0]","[1, 3, 0]","[0, 0, 3, 1]","[2, 1, 0]","['修道院について学ぶ。リアペ提出が出欠の代わり。今年の期末はオンラインでの提出形式だったが、例年は持ち込みありの対面テストらしい。', '毎回リアクションペーパーを送るのみでした。私は毎回200字程度で出してBきたので単位はかなり来やすいと思います。また今まで知らなかったことを沢山知れるので興味も出ました。', '高校の世界史の内容をさらに深く学べました。', '毎回文字数の決められていないリアペがある。そこで頑張れば高成績がくるし、多分何らかの文章を出せば単位はくる。期末レポートは授業内容そのままなので楽。内容は世界史なので、世界史選択の人は理解しやすく取りやすいと思う。']"
135,2021,歴史Ⅰ,魏郁欣,一般教養,文系,4.0,4.0,3.3,4.3,なし,"[0, 0, 3, 0]","[2, 1, 0]","[0, 0, 3, 0]","[1, 1, 1]","['台湾の歴史について、日本の歴史などと関連づけながらの授業でした。授業3回につき1度、過去3回分のリアペをまとめて提出することになっているのですが、配布されたパワポを見れば簡単にできます。期末レポートは2000字以内だったので、とてもやりやすかったです。教授は丁寧で優しさを感じるので、少しやる気が出ました。', '台湾の歴史について。3週間に一回のリアペと期末レポートの提出。台湾と日本の関わりの歴史は一言では語れないので、浅はかな意見を持ったまま授業に臨むと、自分や周りが作り上げたストーリーから結局抜け出せず、リアペや期末レポートで苦労すると思います。なので、是非先入観は固定概念を捨てて授業を聞いてください。台湾人の方で、熱意のある方です。ぎこちない日本語もかわいい。結構ショッキングな回もあります。パワポに仕掛けがしてあって楽しい。いくらでも深掘りできる授業です！', '台湾の歴史について学ぶ。台湾の歴史的な出来事を講義ごとに決められたテーマに関連付けて説明するほか、「歴史とは何か」というより一般的な命題にまで踏み込むような内容となっている。200字以内のリアペ＆2000字の期末レポートをやっていれば単位は来る。リアペを講義内容の要約みたいにしておけば期末レポートも書きやすいし、良いレポートが書けると思う。まあ自分はA止まりなんだけど。優しい。オンデマンド方式の授業だから会うことは1回もなかったけど絶対優しい。選ばれるテーマが毎回面白い。某有名漫画とかゲームもあった。楽しく受けていれば単位が来る。受講して良かった。']"
136,2021,民法（債権総論）Ⅰ,片山直也,法学部法律学科,その他,5.0,5.0,5.0,4.0,なし,"[0, 0, 0, 1]","[0, 0, 0]","[1, 0, 0, 0]","[0, 1, 0]",['内容不問の出席票の提出が4回あり、１回あたり5点が与えられる。評価は比較的甘い印象。授業内容が多すぎるので、試験勉強は薄めの教科書と授業で扱った事例問題をやれば大丈夫。']
137,2021,民法（物権法）Ⅰ,武川幸嗣,法学部法律学科,その他,4.0,4.0,3.0,3.0,あり,"[0, 0, 0, 1]","[0, 0, 0]","[1, 0, 0, 0]","[0, 1, 0]",['レジュメの内容を自分で補完しないと復習の際に困るが、授業音声はダウンロードできるので問題はない。試験でヤマを張ったが、見事に外れた。しかし、何とか単位はきた。']
138,2021,法学Ⅰ（憲法を含む）,尾崎愛美,一般教養,文系,3.5,2.5,4.5,3.0,あり,"[2, 0, 0, 0]","[0, 1, 1]","[0, 0, 1, 1]","[0, 0, 1]","['レポートが結構重め', 'とにかくレポートが大変だったけれど、全部出したらSが来ました']"
139,2021,法学Ⅰ（憲法を含む）,山口由紀子,一般教養,文系,3.7,5.0,4.0,2.0,なし,"[1, 2, 2, 0]","[3, 0, 0]","[0, 0, 0, 3]","[0, 0, 0]","['神単。こんなに簡単に来る単位は他にないと思う。出欠はあるけど、簡単な3択クイズ3問とか、300字の感想とか。この授業の中で400字以上書いたことがない。ただこれはオンラインの場合で、対面の場合山口先生はそんなに簡単じゃなかったとの噂を先輩から耳にしたことがある。', '憲法。毎回の課題に答えること。差はつかないので、間違えないことが大切。真面目そう。簡単。事前知識だけで授業を聞かなくてもAは取れた。', '楽単で有名だから取ったが、好成績は取りにくいと感じた。毎週課される200文字程度の記述、もしくは○×クイズ3問程度をしっかり提出していたが、3問ほど間違えたのと、一度提出し忘れただけでBだった。']"
140,2021,法学Ⅰ（憲法を含む）,柳瀬昇,一般教養,文系,2.0,2.0,2.0,3.0,なし,"[1, 0, 0, 0]","[0, 1, 0]","[1, 0, 0, 0]","[0, 1, 0]",['かなり真面目な教授で、授業は15回分ありました。今回のテストは教科書の持ち込みが可能でしたが、普段は違うようです。自分は授業もほぼ出席(視聴)して、教科書に授業プリントの内容を書き込んでテストに挑みましたが、評価はBでした。しっかり勉強したい人には良いと思いますが、楽単を探している人にはおすすめしません。']
141,2021,法学Ⅰ（憲法を含む）,河村好彦,一般教養,文系,4.0,4.0,4.0,3.3,あり,"[3, 0, 0, 0]","[1, 0, 2]","[0, 0, 2, 1]","[1, 0, 1]","['楽単って聞いて履修してみたら地獄でした。四千字近くのレポートを数回書かされます。', '2-3週に一回ほど2000字とかのレポートあり。授業はなくてレジュメが配られて終わり。', '課題さえ出せば内容はどんなであれ(正答率はどうであれ)単位がくる楽単って聞いてたけど本当だった。']"
142,2021,法学Ⅰ（憲法を含む）,神野潔,一般教養,文系,4.5,5.0,4.8,3.5,あり,"[2, 0, 2, 0]","[3, 1, 0]","[0, 0, 4, 0]","[1, 3, 0]","['真面目に取り組む人にとっては高評価が取りやすいと思う。', '先生がとても優しく、学生のことをよく考えてくださっている様子が伝わってきます。授業動画は1本20分程度のものが毎週3つ(たまに4つ)送られてきます。課題は語句説明が2題と視聴確認用のクイズ1題(動画内の雑談から出題:先生の娘の部活は？など)に答え、3週間分をまとめて提出でした。授業を倍速すれば課題も含めて1時間で終わる良単です。期末レポートはなかなか難しいですが、課題公示が6月、提出は8/2という良心的なものだったので、他のテストが終わった後に挑んでも十分間に合います。何書いてもSという話を友達から聞き、私もSだったのでサンプル数は6になりました。', 'リアぺは3講義分まとめて提出するのを計4度行う。最後に期末レポートを2枚書く。合計3600字。教授は優しい。', '教授がかなり履修者を気遣ってくださっているので、負担がかなり少なく非常に良かったです。']"
143,2021,法学Ⅰ（憲法を含む）,藤田祥子,一般教養,文系,3.7,4.0,3.7,3.0,あり,"[3, 0, 0, 0]","[0, 3, 0]","[0, 0, 0, 3]","[0, 0, 0]","['オンデマンドで、レジュメとその解説音声が送られてくる。全部で3回出される課題でほぼ成績が決まる。一度でも課題を出し忘れるとキビシイが、期末がないという点では良い。「やってみよう！」という任意の課題もあり、やってみると少し加点されるようだが、テキトーに数行書いて出しただけでは点がつかないらしい。私は課題を3つ全て出し、「やってみよう！」は3分の2ぐらいやったらAだった。課題は調べ物して書くタイプ(マルバツの時もある)が多く、私的には視野が広がって良かった。課題を忘れず出せるタイプの人におすすめ。根拠条文は必ず書こう。', '毎週音声とレジュメが配信された。毎回の授業に関する任意課題(自分の意見を述べる系)と、3回に1回まとめ課題？(授業の内容を問われる系)がある。任意課題はまとめ課題と一緒にしか出すことができない。期末とか関係なく、淡々とこの課題。評価はまとめ課題30点満点×3回＋任意課題10点の100点満点。各課題個別のフィードバックさされないので、任意課題をどのくらい出すかは賭けのようなもの。まとめ課題の全体に向けたフィードバックは音声で配信される。課題の遅延は絶対に許されない。提出期限の時間帯が特殊？なので気をつけないと出し忘れる。課題に対する細かい指示がないので、フィードバックを聞いてそれに合わせて次の課題から気をつけていく、って感じ。親切な出題はされない。単位をとるだけならできる。', '弁護士目指してる友達つくれば余裕']"
144,2021,法学Ⅰ（憲法を含む）,金尾悠香,一般教養,文系,3.8,3.5,3.5,4.0,あり,"[0, 0, 0, 4]","[0, 0, 0]","[0, 0, 4, 0]","[2, 2, 0]","['契約や不法行為について学んだ。身近な事例で法律を学ぶこともある。授業でやったことを理解すれば期末レポートも書ける。授業中に突然当てられるが、成績に関係は無さそう。', '民法。期末レポでは授業内容が問われるのでちゃんと授業を聞く。メモとレジュメがあれば期末レポはそんなに大変ではない。独特で面白い。一回休講になったが補講がなかった。真面目に授業に出ればそれなりの評価はくる。', 'アーカイブが残らないのでリアルタイムで視聴する必要があるが、出欠はない。授業聞かなくても割とどうにかなる気がする。実際半数超聞いてなかった。期末レポートは期末テストの代わりとのことで、授業内容をまとめる感じだった', 'リアルタイムオンライン出席の有無は問わない。教科書、六法必須。穴埋めスライド配布。学生間の再配布は禁止。毎回、授業中に学生を当てる期末レポートは論述型今回は新型コロナウイルス感染拡大のためレポートだったが、本来はテストとのこと。']"
145,2021,法学演習（民法）（２年）,岩川隆嗣,法学部法律学科,その他,4.0,4.0,5.0,4.0,あり,"[0, 0, 0, 1]","[0, 0, 0]","[1, 0, 0, 0]","[0, 1, 0]",['民法の総則と債権が試験範囲となり、A4で140枚分ぐらいだったと思います。かなり多く初学者には負担だと思います。ただ試験は拍子抜けするほど簡単でした。授業を真面目に受けて、試験前に軽く振り返っておけば満点を取れると思います。問題数もかなり少なく、試験時間も確実に余ります。授業動画は2日後の水曜日に消えました。']
146,2021,法学（憲法を含む）,柳明昌,法学部政治学科,必修・選択必修,5.0,5.0,3.0,4.0,なし,"[0, 0, 0, 1]","[0, 0, 0]","[0, 0, 1, 0]","[1, 0, 0]",['授業の視聴状況+800字×2の期末レポートで成績が決まる。2コマの授業だが基本90分ほどの動画でたまにフォローアップと題して任意？のズーム授業が二限目に行われた。スライドが配布されないのは少し難点だが先生の解説は面白かった。一応授業は毎回見ていたが、期末レポートは最後の授業だけ見れば書ける。自分は音楽聴きながらダラダラやっても3時間足らずで終わった。']
147,2021,演習Ⅰ,宗岡宏之,法学部政治学科,その他,5.0,5.0,5.0,4.0,あり,"[0, 0, 0, 1]","[0, 0, 0]","[0, 0, 1, 0]","[1, 0, 0]",['本を読む授業。しかし、オンラインだから読まなくても良い。毎週時間になると教授の読書感想文が送られてくる。期末レポートはA4 1~2枚程度の読書感想文を提出するのみ。今まで数多くの授業を見てきたが、これが真の神単なんだと思う。最近読んだ本について自分なりの考察を展開しただけでSがきた。数少ない周りの履修者もSだったのでみんなSなのかもしれない。']
148,2021,物理学Ⅰ（実験を含む）,杉本憲彦,一般教養,理系,4.0,5.0,4.0,4.0,なし,"[1, 0, 0, 0]","[0, 0, 1]","[0, 0, 0, 1]","[0, 0, 0]",['途中で先生が変更になったのであまり今後の参考にはならないかも。実験とオンデマンドの授業が交互にある。実験は2人ペアでやる。まあまあ楽しいし考察なども聞けば教えてくれるので楽勝。終われば早く帰れる。授業は杉本さんの時はリアタイでリアペ出す必要あり。変わった後はリアタイじゃなくなった上に簡単な一問だけの小テストだった。期末テストがある予定だったがなくなった。']
149,2021,物理学Ⅰ（実験を含む）,松浦壮,一般教養,理系,3.7,3.7,4.3,3.7,なし,"[3, 0, 0, 0]","[0, 2, 1]","[0, 0, 0, 3]","[0, 0, 0]","['しっかりと授業を聞かなければ隔週で出るレポートが書けないが、授業でやったことを理解できていれば高評価が取れる。', '毎回のレポートがきつかった。授業は、物理が好きな人はとても楽しそうだった。期末試験はないので、物理が苦手でも、頑張れば高成績を取ることができる。', '課題さえ出せばかなり評価は楽です。中身も物理学というよりは身の回りで起きること的な内容だったので計算は「全く」使わずにレポート書きました。それでレポート全部満点なので物理学という名前に負けなければ絶対に楽しく幸せに単位が取れるはずです']"
150,2021,物理学Ⅰ（実験を含む）,猪谷太輔,一般教養,理系,3.0,4.0,2.0,2.0,あり,"[1, 1, 0, 0]","[0, 0, 1]","[0, 0, 0, 1]","[0, 0, 0]",['高校で物理を取ったもしくは物理基礎が好きだった文系でないとキツい。毎週の課題のレポートをちゃんと出す。質問には丁寧に答えてくれるし親切な教授だと思う。ただの高校物理の上位互換と舐めてかかると大火傷する。課題の負担もバカにならないし物理が好きな人だけにオススメする。ただ期末レポートも期末テストもないのは◎']
151,2021,物理学Ａ（春学期前半）,苙口友隆／堀田篤,理工学部,必修・選択必修,3.0,5.0,3.0,4.0,あり,"[1, 0, 0, 0]","[0, 1, 0]","[1, 0, 0, 0]","[0, 1, 0]",['期末は対面試験。オンデマンド授業。課題は毎週1回、教科書の巻末に答えがある練習問題をやって提出。普通に勉強して、教科書の巻末にある過去問をやってればまず単位は落とさないと思う。試験の難易度は結構簡単。でもSはほぼ満点じゃないとだめっぽい。']
152,2021,物理学Ｂ（春学期後半）,齊藤圭司／田中邦彦,理工学部,必修・選択必修,1.0,1.0,1.0,3.0,あり,"[1, 0, 0, 0]","[1, 0, 0]","[1, 0, 0, 0]","[0, 0, 1]",[]
153,2021,現代ビジネス論Ⅰ,中山浩一,一般教養／諸研究所,文系／GICセンター,4.0,5.0,4.0,4.0,あり,"[1, 0, 0, 0]","[0, 1, 0]","[0, 0, 1, 0]","[0, 1, 0]",['起業家の例や上場までの道のりをわかりやすく学ぶことができた。経済学部の数少ないビジネスの授業のなかでもかなりたまになるものだった。教授はネイティブではないため、日本語で気軽に相談ができた。']
154,2021,現代世界史,剣持久木,一般教養,文系,3.3,4.0,3.3,2.7,なし,"[1, 0, 2, 0]","[2, 1, 0]","[3, 0, 0, 0]","[1, 2, 0]","['フランスの近代史についての授業。完全に教授の趣味で好きな歴史について話している、というイメージで個人的には面白かったです。ZOOMを用いた授業でしたが完全カメラオフ、生徒に対する質問等もありませんでした。毎回の出席確認を授業後30分以内に掲示板に書き込みます。内容は教授から授業の終わりに伝えられます。授業内容の記憶が曖昧でも個人の意見を問うものなので難しくはないです。期末は対面試験で1000字程度のレポート。授業で扱った内容から6個ほどテーマが出て、その中から一つ選ぶという方式でした。', 'フランス史を扱った。ZOOMでの授業だったが、毎回授業の最後に先生が出した問の回答を授業支援の回答欄に書くことで出席扱いになる。回答内容の優劣で成績は決まらないらしい。試験はレジュメが持ち込み可だったので非常に楽だった。いくつかのテーマの中から自分が書けそうなテーマ1つを選び論述する問題であった。', '授業は全てリアルタイムのオンライン形式で、毎授業後30分以内にリアクションを掲示板に書き込むスタイルだった。期末テストは授業内で扱った資料の持ち込みが可能なもので、ほとんど資料の丸写しで解答したが高評価がもらえた。授業自体は退屈なことが多くほとんど聞いていなかったが、資料だけ揃えておけば単位は取れる。']"
155,2021,現代日本史,山辺春彦,一般教養,文系,2.5,3.5,2.0,1.5,なし,"[0, 0, 2, 0]","[1, 0, 1]","[2, 0, 0, 0]","[0, 1, 1]","['戦後の日本について。取得は授業出てれば取れます。興味ないと土曜日に行くのはキツイ。', '戦後日本史を中心に扱う。受験日本史よりも内容が非常に濃く細かいが、試験のレベルとしては高校の日本史をしっかり理解さえしてれば難なく出来るものだと思った。高校で日本史を履修していなかった人には勧められないとは思う。リアペは名前を書くだけでもよい。恐らく出席さえきちんとしてればテストの出来が多少悪くても単位は来る。']"
156,2021,現代生物学概論,荒井緑／牛場潤一／岡浩太郎／榊原康文／佐藤健吾／佐藤智典／地村弘二／土居信英／舟橋啓／堀田耕司／松本緑／宮本憲二,一般教養,文系,4.5,5.0,4.0,4.0,なし,"[2, 0, 0, 0]","[1, 0, 1]","[0, 0, 0, 2]","[0, 0, 0]","['毎週のレポートをちゃんとやれば単位は来ると思う。\u3000講義内容は専門的すぎるところもありレポートを書くのに苦労する回もあり、まぁまぁ負担。\u3000', '授業内容：生命情報学科の先生方によるオムニバス形式、各回で講義内容や課題内容は様々(基本A41〜2枚程度、3枚まで書かされることはほぼなかったはず)。2021年度は全て動画配信によるオンライン形式。単位取得のコツ：各回の課題レポートを余程手抜きせずに期限内に提出すれば恐らく酷い評価はつかないと思われる。課題をするにあたり、思いつかないと全く書けないようなものもあるため永遠と悩まずに割り切ることが大切。その回により課題の難易度が全然違うため早めに課題内容だけでもチェックしておくべき。高評価を取るコツ：まとめと感想の時は手抜きでも全然大丈夫だと思う。研究内容を考えろ等の自分で調べて考えなければならないものはそこそこ時間をかけてまともな文献を引っ張ればある程度いい成績はつきそう。履修にあたって：生物が好きな人、生物選択者は元々持っている知識の+αの話やどのような研究が行われているかを聞くことができ、面白いと思う。生物未履修者や好きではない人にとっては、生物の範囲の内容を知っている前提で話をされる先生方も多いため難しいと感じる人もいるかもしれない。']"
157,2021,現代社会理論Ⅰ（１・２年）,澤井敦,法学部政治学科,その他,4.0,4.0,4.0,5.0,あり,"[1, 0, 0, 0]","[0, 1, 0]","[0, 0, 1, 0]","[0, 1, 0]",['レポートが中間と期末で二つ出ました。レポートなの自分の意見をただ書くのではなく、参考文献をしっかり使うのが肝要だと思います。授業は現代社会の諸問題に新たな視点を与えてくれる興味深いものでした。']
158,2021,現代社会論,池田緑,一般教養,文系,3.0,2.0,2.0,4.0,なし,"[0, 0, 0, 1]","[0, 0, 0]","[0, 0, 1, 0]","[0, 0, 1]",['内容はnationや、nationの形成にどんなものがどんな役割を果たした、、、など。授業をメモをとりながら聞くことが大事。良くも悪くも真面目といった印象。メディアが果たした役割など、面白い。授業内容は隔年で違うとの噂を耳にした。心構えとしては、最後に難しい内容のレポートを1500×3で書くことになるので、しっかりサボらずに聞くことだろう。']
159,2021,現代芸術論,高桑和巳,一般教養,文系,2.0,3.0,1.0,2.0,あり,"[0, 0, 1, 0]","[1, 0, 0]","[0, 0, 1, 0]","[0, 0, 1]",['期末レポートの文字数が多い。授業はスライド。']
160,2021,生命の科学,岡村智教,一般教養,理系,4.0,4.7,4.0,3.7,あり,"[0, 0, 0, 3]","[0, 0, 0]","[0, 0, 3, 0]","[2, 1, 0]","['Sが来るかは微妙だが、Aは絶対くる。オムニバス形式なので飽きなかった。', 'オンデマンドの動画は消されなかったため、期末レポートを書くために一回分の講義だけ見れば大丈夫だった。ほとんど講義を見ずに期末レポート書いただけでAを取れたので出席確認は多分されてない。オムニバス形式。', '期末レポートのみの為、それを提出すれば単位は来る印象。評価は内容次第。指定された事柄に沿って書けばAは来る。']"
161,2021,生命の科学,豊田健介,一般教養／諸研究所,理系／GICセンター,4.0,4.5,4.5,3.5,あり,"[1, 0, 1, 0]","[1, 1, 0]","[0, 0, 2, 0]","[1, 1, 0]","['楽単の王道。教授がオンラインになれてないのかよくわからないが、授業が2週間に1回ぐらいしか配信されない。4回ぐらいの軽めのレポート+期末レポ書けば単位はもちろん、高評価がもらえる科目。英語で開講される点にだけ注意。', '英語で行われる授業、2週間隔でtedの要約を出せる形、英語が大変だったけど、耐えたら評価は良かった(２回リアぺ欠席でA)']"
162,2021,生命現象の分子科学,舟橋啓,一般教養,理系,4.2,5.0,4.0,3.6,あり,"[2, 2, 1, 0]","[5, 0, 0]","[0, 0, 0, 5]","[0, 0, 0]","['授業も面白く、毎回出る簡単な問題を出せば単位がくると思う。', 'とても楽', '動画見なくても、動画の中のスライドのところまで飛ばして課題やれば単位くる。そうやれば課題は15分くらいで毎回終わる。ちゃんとみればA、Sくるかも？', 'なんか理系チックな内容。授業名通りのイメージ。毎回の小テスト(時間制限なし)があるので、授業内のスライドをよく見る。Sを取りたいなら小テストの正答率と感想をなるべくかなり多く書くこと？少なくてもAはきたから甘めではある。いい人そう。90分授業のオンデマンド配信だから、興味がないと途中で飽きるかも。ただ、単位は取りやすくいい評価もとりやすいので良いかと。', '毎回授業後に4〜5問小テストがある。授業を聞いていればとても簡単だし、聞いていなくても答えのところだけ動画を見ればすぐ終わる。授業内容は個人的にはとても面白かったが興味のない人には本当につまらないと思う。興味のある方は楽単だしとった方がいいと思う。']"
163,2021,生物学Ⅰ（実験を含む）,上村佳孝,一般教養,理系,4.0,4.8,3.5,3.5,あり,"[4, 0, 0, 0]","[0, 4, 0]","[0, 0, 0, 4]","[0, 0, 0]","['優しい先生', '色々な実験をしました。希望者は隔週で対面での実験がありました。レポートを出すこと。普通の方ですが授業動画の音声は教授ではなくAIでした。最後の方でpcrの実験をやりました。理数系壊滅的にダメな私でもsもらえたので、ちゃんとやれば単位来ます！', 'シラバスの通りです。先生はイグノーベル賞をとった方で、大変わかりやすい授業でした。生物が大の苦手という人でも安心して履修できます。実験も楽しかったです。オンデマンドの動画配信で、長くても1時間以内には見終わります。毎回、その週の授業内容に関連した問題が5〜10問ほど出題されます。授業支援から提出なので、1週間の期限のあいだじっくり考えることができます。すごく難しいというわけではないですが、応用問題もあって少々苦労はしました。正解かは分からなくても、授業内容を引用しつつ何かしら書いて出せば単位はくれると思います。先生は正解不正解というよりも、真剣に考えた姿勢を採点の対象に入れている印象です。普通にいい方です。授業動画はデータが重くなるのを避けたいからという理由で、自動音声でした。最初は内容が頭に入ってきづらく苦労しましたが、慣れてくるとむしろわかりやすかったです。なので教授の肉声は対面の実験のときしか聞けません。生物が苦手、嫌い、もう忘れたという人でも大丈夫だと思います。課題はそこまで楽ではありませんが、期末課題がないと考えればかなり楽です。', '毎回オンライン形式のテストがありました。生物が得意な友達がいれば余裕だと思います。友達がいない状態で生物もあまり知らないと単位は来ますが、そんなに高評価は狙えないと思います。']"
164,2021,生物学Ⅰ（実験を含む）,古川亮平,一般教養,理系,4.0,5.0,4.0,4.0,なし,"[0, 0, 0, 1]","[0, 0, 0]","[0, 0, 1, 0]","[1, 0, 0]",['生物の実験をおこなう。きちんと出欠をし言われたことをやっていれば取れる。毎回スケッチをするため絵が不得意な人はおすすめしない。絵で評価が決まると言っても過言ではない']
165,2021,生物学Ⅰ（実験を含む）,坪川達也,一般教養,理系,3.0,4.0,4.0,2.0,あり,"[1, 0, 0, 0]","[0, 0, 1]","[0, 0, 1, 0]","[0, 0, 1]",['授業の内容は難しいです。理解できません。ですが、授業の内容を理解してなくても課題はできるので、毎回の課題をしっかりやればSが貰えます。たぶん努力が評価される感じだと思います。課題も難しいですが解けないことはありません。難しいというよりめんどくさいかも。']
166,2021,生物学Ⅰ（実験を含む）,新屋みのり,一般教養,理系,2.0,2.0,2.0,2.0,あり,"[1, 0, 0, 0]","[0, 0, 1]","[0, 0, 0, 1]","[0, 0, 0]",['毎回の課題が私文にはきつすぎる。全然分からなかった。実験内容もなにやってるのか分からないくらい難しかった。私文が1人で乗り込むのは危険。私の唯一の対面授業だった。席が近い子と始めのシロアリの実験で盛り上がって仲良くなれたのはよかった。']
167,2021,生物学Ⅰ（実験を含む）,有川智己,一般教養,理系,5.0,5.0,5.0,5.0,なし,"[0, 0, 1, 0]","[0, 1, 0]","[1, 0, 0, 0]","[1, 0, 0]",['講義の回はgoogleフォームでリアペ、実験の回はその場で観察レポートを書き提出する。実験はどれも面白く、試験も全て持ち込み可。教授がとても優しい。']
168,2021,生物学Ⅰ（実験を含む）,林良信,一般教養,理系,4.0,4.5,4.5,3.0,なし,"[2, 0, 1, 0]","[0, 2, 0]","[0, 0, 2, 0]","[0, 2, 0]","['先生は人当たりが良く、実験も楽しかった。高校で生物を履修していなかったが毎回ちゃんと課題を出してたらSを貰えた。', 'オンデマンドの授業はレジュメのみでした。実験はオンデマンドで行うかオンラインで行うか選ぶことができます。実験以外の授業は毎回400字から1000字程度のレポートが課されます。実験でもいくつか問いに応えるタイプの課題がありました。期末レポはA41〜3枚程度。テーマが設けられますがかなり自由にかけます。レジュメのみの単調な授業でしたがレポートの提出期限が遅く、高評価を取りやすいので生物学の中では楽な授業だと思います。']"
169,2021,生物学Ⅰ（実験を含む）,福山欣司,一般教養,理系,5.0,5.0,5.0,4.5,なし,"[2, 0, 0, 0]","[1, 1, 0]","[0, 0, 1, 1]","[1, 0, 0]","['隔週で実験と授業。微生物などを観察してスケッチするだけの簡単なレポート。期末レポートは授業の穴埋めプリントを提出した人は免除だった。', '対面。生物多様性について扱う。授業プリントを提出すれば期末レポートが免除される。実際ほとんどの人が免除されていたため、期末レポートは「なし」とした。講義と実験が交互にある。講義はプリントを穴埋めしつつ進む。プリントは提出までしっかり保管しておくべし。実験では藻などを顕微鏡で見て、その都度出席も兼ねたレポート(スケッチがメイン)を書く。絵が下手でも、対象をよく見て丁寧にスケッチすれば高評価が貰える。全て出席し、毎回のレポートは平均かそのちょっと上ぐらいの評価を貰っていたらSだった。先生優しいです。']"
170,2021,生物学Ⅰ（実験を含む）,福澤利彦,一般教養,理系,3.7,4.3,3.3,3.3,なし,"[3, 0, 0, 0]","[0, 3, 0]","[0, 0, 0, 3]","[0, 0, 0]","['実験とオンデマンドが隔週でした。内容としては生物に興味がないならば面白くは無いと思います。淡々としていれば単位は来ます。', '課題の量は少なくないがしっかり提出すれば単位は来る', 'コロナのため、対面実験とオンデマンド動画配信が交互。対面実験は、1時限目に実験の概要を解説して2時限目に実験→レポートの流れだった。レポートには実験の目的・手順の他にいくつか設問が用意されていて、それについて自分の考えを書く(1時限目の解説をちゃんと聞いていれば割と簡単に分かる、しかも終わった人から早く帰れる）。グループで実験やるから友達できる◎オンデマンドは動画15分くらいしかなくて、内容も理解できる。課題はA４用紙1枚に７～８個くらいある設問の答えをまとめる感じで、これはちょっとめんどくさかった。でもその代わり期末がないし、答えが合っていたかはともかく毎週課題をちゃんと出してたらAきたから楽単だったと思う。']"
171,2021,社会における性Ⅰ,大坪真利子,法学部法律学科／法学部政治学科,その他／その他,4.2,4.0,4.2,4.5,あり,"[1, 0, 4, 0]","[1, 3, 0]","[0, 0, 4, 0]","[1, 3, 0]","['授業内容は基本的にはジェンダー論とほぼ変わらないと思います。先生がリアペの質問にかなり答えてくれるので、ジェンダー関連に興味がある方におすすめです。', 'ジェンダー、セクシュアリティ、性差別、性的少数者などがテーマです。これらのテーマを学ぶための基礎を学ぶとシラバスにあるように、自分の考えを持つための基本的な言葉や考え方を学べます。毎回100字で授業内容の大事だと思うところを書くことと1000字の期末レポートが課題です。期末レポートでは授業内で出た単語を丁寧に使う必要があります。ふざける学生には冷たい印象です。興味があれば苦になる要素はないと思います。一方興味がないなら取るべきでないと思います。', '単位取得は比較的簡単です。そもそも授業というより講話みたいな感じです。', '教養として将来役に立つ科目だと思いました。']"
172,2021,社会学,竹ノ下弘久,法学部政治学科,必修・選択必修,2.3,3.7,3.3,2.7,あり,"[3, 0, 0, 0]","[0, 0, 3]","[3, 0, 0, 0]","[1, 2, 0]","['毎回のリアペと、ほぼ毎回のようにある読書課題が結構キツかった。しかし期末テスト内容は授業内容に沿っていてそこまで難しくなかった。', '毎回課題が課されます。1週間で合計2000字は書かされたような気がします', '法学部政治学科前半が口を揃えてキツいと言う屈指のエグ単。授業が面白いわけでもなくリアペ500字に加え教科書一章分を読んでそれを要約したり自分の意見を書いたりと課題の量がとんでもなかった。あまりにキツいので法政前半の人とは必ず毎週この話をしていたと思う。愚痴で盛り上がるので会話のネタとしてはもってこい。期末テストは勉強すれば普通に取れる程度であまり難しくはなかった。']"
173,2021,社会学Ⅰ,土居洋平,一般教養,文系,4.9,4.9,4.6,4.9,あり,"[6, 0, 2, 1]","[2, 5, 0]","[0, 0, 8, 0]","[2, 5, 1]","['楽単として有名。ちゃんと頑張れば高評価が来ると思われるが、中途半端に頑張るとそこまで成績は伸びない。', '13回のうち6回以上は24時間以内にリアクションペーパーを出さなければならない。ただ、内容は簡単。先生の話も抑揚があって面白い。', '授業はラジオみたいで面白いです。全13回の授業のうち6回リアペのような小レポートを書けば良くて、期末も書けば普通に成績くれます。小レポートは2問で1問は授業の要約のようなもの、もう1問は感想なので楽です。', '社会の定義や、さまざまな社会について考えていく。出すべき小レポートを回数分しっかりと提出する。小レポートは文字数をオーバーしてもいいので自分がいいと思うだけの内容を書く。かなりユーモアがあって、1時間30分の動画のうち雑談のような話もあるので気軽に聞くことができる。', '授業がラジオのような感じですごく面白い', '社会学の色んな側面にちょっとずつ触れていく感じ。農村、都市、環境など。毎回指定されるレポートを6/13出すこと。期末レポートを出す。私は13回全て小レポを出しました。期末レポートもそれなりのクオリティでSでした。小レポに関しては、先生からフィードバックのメールが来ます。良いレポートがかけていると、個別にそこにメッセージが来るので参考にしていました。喋り方が面白い。良い人が滲み出てる。ずっと録音とスライドのみの授業でした。録音で効果音が使われており、生徒を飽きさせない工夫がされているなぁと思います。最初の授業で前年の成績比率を出してくれたり、良いレポートにはフィードバックを出してくれたりと、成績を取りたい人は何かと手厚いためおすすめです。', '授業内容がとにかく面白い。ラジオ感覚で聴けてテンポが良い。課題も全13回のうち6回出せばよく、自分は最低限しか出してないがSが来た。', '授業内容がとても興味深かったです。先生もテンポよくラジオ放送かのようにお話しされるので、聞いていて飽きることもあまりありません。全て音声のみのオンデマンド形式で、出席はなく、任意で授業終了後24時間以内に小レポートを提出します。レポートをたくさん出すことで成績を上げることができます。私も8割型提出していたところ、Sがきました！おすすめします。']"
174,2021,社会学Ⅰ,宮本万里,一般教養,文系,2.8,3.5,2.2,2.0,あり,"[2, 0, 3, 0]","[2, 2, 0]","[0, 0, 4, 0]","[1, 3, 0]","['インドについて興味がある人だったらこの授業は面白いと思う。\u3000単位は授業聞いてなくてもレポート出しとけば多分大丈夫。レポートも授業聞いてなくても書けるから楽。', '環境破壊。小レポート、期末レポートを出せばくる。教授がよく欠伸をしていて、眠そうである。', '授業は教授の研究内容など具体的なものでした。授業中にあくびをすることが多く内容もそれほどおもしろくはなかったです。単位はきますが高評価を得るのは難しいと思います。', 'リアルタイムの授業ですが録画が残されます。レジュメを音読するだけでした。リアペは学期に3回ほど出します。レポートは2000字で、アジアやアフリカの環境問題について書きます。']"
175,2021,社会学Ⅰ,川瀬由高,一般教養,文系,3.7,3.7,3.3,3.7,なし,"[2, 0, 3, 0]","[1, 1, 1]","[0, 0, 3, 0]","[0, 2, 1]","['中国の文化人類学。中国の伝統文化や言語における「なぜ」を日本と中国を絡めながら説明してもらえる。毎回リアクションペーパーを出して、期末レポートも出す。任意の中間レポートも出すと高評価がもらえる。教授は優しい方で中国の体験なども教えてもらえる。リアクションペーパーに良いことを書くと加点してもらえて、授業内で紹介される。中国に興味がなくても楽しめる内容。個人的には春学期とった授業の中で一番の当たりだった。', '中国文化についてが主でした。課題を毎回出すこと。リアペとレポートの内容が良ければ良いんじゃないでしょうか。普通の優しいおじさんって感じです。中国では卵かけご飯はドン引きだそうです。あと社会学と題しつつ授業内容は実は文化人類学に近いそうです。レポートは課題文献の内容を紹介するものなので、そこまできつくはなかったです。中国文化に興味ある人におすすめ！', '逃げろ']"
176,2021,社会学Ⅰ,澤田唯人,一般教養,文系,4.2,4.1,4.2,4.6,あり,"[3, 1, 7, 0]","[2, 5, 1]","[0, 0, 7, 1]","[2, 5, 0]","['ものすごくタメになる授業だったので、履修をお勧めします！履修中は、全世界の人がこの講義を受ければいいのにとさえ思っていました笑\u3000先生は生徒の負担を考えてくれたら、生徒の声に耳を傾けてくれるので、単位は取りやすい方だと思います。', '秋学期ないのが残念。全生徒に受けてほしいくらい考え方が変わった。先生の考え方が素敵すぎた。', 'イケメン社会学。（みんな書いてると思うけど）澤田先生のお家にいる猫様が可愛い。澤田先生はお寺に住んでいる。イケメン社会学、好きな人は楽しい授業。あまり興味ない人には課題とかキツかったかも。授業動画が3時間の時とかあった。でもイケメンだし内容も身近で楽しいから苦痛ではなかった。', '授業内容は、現代の社会問題とかを扱っていてすごく面白いし、毎回新鮮味がある。ただ、いろんな人が心に持つ傷に刺さる内容だからそういうのがきつい人は苦しいかもしれない。でもそういうのに向き合ってこそ心が軽くなるような思いもしたから、興味があれば取ったらいいと思う。単位は毎回の授業に対するコメントを授業後2日以内ぐらいに掲示板にコメントすれば最低でもAはくるって先生が言ってた。2,3日遅れても多分平気。高評価が欲しかったら任意の期末レポートを出すのが一番いいと思う。小説形式でテーマに沿って書くっていうもので、出したらSきた。先生は本当に優しいしイケメンだし猫がかわいい。メールにも真摯に対応してくれる。マジでおすすめの授業だけど、個人的には単位狙いならやめた方がいいと思う。何にも考えないで受けれる授業ではないし、逆にしんどいと思う。でも身近にある問題を扱う珍しい社会学だし、そういうのに興味があれば絶対取るべき。', '授業がシンプルに面白い。先生がイケメン。イケメン社会学。', 'イケメン社会学。最高でした。', '講義はすごく面白かったが、毎回1時間半以上の動画だったためきつかった。先生はイケメンで優しい。リアぺはジェンダーや生命倫理などありのままに思ったことを書けるので、人生相談してる人も結構いた。期末レポートは任意。たぶん提出しないとSはこない。', '授業内容はかなり重い話が多いですが、個人的にはとても面白いと思いました。授業時間が3時間を超えたり、時間通りに配信されなかったりしますが、先生がとてもイケメンで所作が可愛いので全然許せます(笑)、高い意欲を持って何事にも全力で取り組めばSが来ます。']"
177,2021,社会学Ⅰ,藤川千歳,一般教養,文系,3.4,4.2,3.2,3.2,あり,"[0, 0, 0, 5]","[0, 0, 0]","[0, 0, 5, 0]","[3, 1, 1]","['オンデマンド。授業(パワポファイルが送られてくる)はあまり見ていないが、レポートのテーマが「テキストで興味を持ったトピックについて考察を深める」だったため問題なかった。高評価が取りづらいとの噂があるが、Aがきた。', '期末レポートが提出不備になっていても単位くれた。神すぎる。', 'まじでおすすめ。授業はひとつも見なくてよい。レポートは締切日に始めたが、3.4時間で終わるので余裕。それなりの内容を書いてAがきた。', 'まあまあ面白いが、パワーポイントなので早送りできないのがちょっと残念。レポート評価もちょっと厳しい？', '単位は来るが高評価が来ない']"
178,2021,科学と環境Ⅰ,小畠りか,一般教養／諸研究所,理系／GICセンター,4.0,4.0,4.0,4.0,あり,"[0, 1, 0, 0]","[1, 0, 0]","[0, 1, 0, 0]","[0, 1, 0]",['高校化学を英語でやる感じでした。授業後のクイズや期末テストをしっかり解けば大丈夫だと思います。化学を習ってなかったらちょっときつそうだなと思いました。クイズは時間、回数が無制限なので見直しをよくすることだと思います。英語の勉強にもなるので化学と英語が苦手ではない方にはおすすめです。']
179,2021,科学技術と現代社会,小谷真理／細田衛士／三原聡子／山内慶太／山田秀／吉村公雄／渡辺美智子,一般教養,文系,3.0,3.7,3.3,2.3,あり,"[3, 0, 1, 0]","[1, 1, 1]","[0, 0, 2, 1]","[1, 1, 0]","['楽単って言われてるけどオンラインになってエグ単化したみたいです(レポート書く量が多いので)でもそれっぽいこと書いておけば単位はとれると思いますがSやAが欲しいならきついかもです、、', 'オムニバス形式でそれぞれの先生が違うこと話す。例えば遺伝子工学と諸問題、福沢諭吉と西洋的視点から見た科学技術、AIと深層学習だったり。よくある内容なので、興味は湧くがマンネリ化する。本読めば手に入る知識ではある。毎回の授業で規定字数を満たしたリアペを提出した。そして、最後の課題？レポートみたいなやつもまあテキトーにやりました。その結果Aでした。きちんと提出していれば単位取得は楽であると断言できる。テキトーにやっていてもAは取れたのでもう少し時間をかけて頑張ればSは取れるかもしれない。単位をお金で買う典型的な例。', '動画見て考えたことを書くだけだけど、回によっては何を書けば良いのかよく分からないことがある。そこそこ分量書かなくちゃいけないから、毎週真面目に取り組めるなら楽単だけど、自分は提出遅れあって低評価😭']"
180,2021,経営学基礎,菊澤研宗,商学部,必修・選択必修,4.0,4.0,5.0,4.0,なし,"[1, 0, 0, 0]","[0, 1, 0]","[0, 0, 0, 1]","[0, 0, 0]",['4回のレポートを字数ギリギリでも毎回出せばs来ます。出欠もビデオを6割見れば良いだけで、内容も面白かったので良い授業でした。']
181,2021,経済人類学Ⅰ,島内明文,一般教養,文系,4.5,4.5,5.0,3.5,あり,"[1, 0, 1, 0]","[1, 0, 1]","[0, 0, 1, 1]","[0, 1, 0]","['毎回感想を書き本を読んで内容をまとめる課題です。普通に真面目にやればSとれます。', '主流派経済学を批判的に見つめる、「経済人類学」について学習する。課題は2つ。各週配信されるオンデマンド授業のリアペ(各200字)と期末レポートとして課される課題図書の要約と検討(2000字)。この2つをきちんと提出すればまず単位はもらえる。主流派経済学を論理的に批判すれば高評価はもらえるだろう。全体の55％がAあるいはS評価であった。優しさと厳しさを併せ持った方。現政権や私欲にまみれた経済学者達をよく批判なさる。ちゃんとやれば単位はくる。']"
182,2021,経済原論Ⅱ,吉岡祐次,法学部政治学科,必修・選択必修,4.0,4.0,5.0,3.0,あり,"[0, 1, 0, 0]","[0, 1, 0]","[0, 1, 0, 0]","[1, 0, 0]",['オンライン試験80%＋課題20%でした。文系で数学が得意でない人にも配慮した授業でした。試験前に練習問題を用意してくれていました。それをやれば十分テストにも対応できると思います。課題も同じ問題なので、やり忘れなければSがとれると思います。']
183,2021,経済史Ⅰ,齋藤邦明,商学部,その他,5.0,5.0,5.0,5.0,あり,"[0, 0, 0, 1]","[0, 0, 0]","[0, 0, 1, 0]","[1, 0, 0]",['オンデマンド。試験もオンライン。授業のスライドを見ながら埋めればSがくる。']
184,2021,経済史入門Ⅰ,崔在東,経済学部,必修・選択必修,5.0,5.0,5.0,1.0,なし,"[1, 0, 0, 0]","[0, 1, 0]","[0, 0, 1, 0]","[0, 1, 0]",['オンライン形式。毎回のレジュメをダウンロードすることによって出欠確認がなされる。試験は期末レポートで、今までのレジュメの穴埋めさえしていれば流れでまとめるだけで良い内容であった。そのため、単位取得は容易であった。ただし、授業をちゃんと聞いて学びたい人にとってはかなりキツイ。というのも教授がカタコトの日本語であり、さらに90分間淡々としゃべり続けるだけなので精神的にきつい。']
185,2021,経済学Ⅰ,吉岡忠昭,一般教養,文系,3.8,4.8,4.0,2.2,なし,"[0, 4, 0, 0]","[4, 0, 0]","[4, 0, 0, 0]","[3, 1, 0]","['あまり面白くないが成績はとりやすいです', '小テスト1ミス、期末ほぼ満点のはずだがAしかこなかった。おそらく出席もそこそこ配点がある（一部出席し忘れた）', '楽単と聞いていたが授業のレジュメのみではBしかとれなかった', 'canvasで毎回pdfをダウンロードすることによる出欠確認。小テストはたまにくるけど大体語句チェック。テストは対面で一律で禁止されているもの以外すべて持ち込み可。授業プリントから答えを探してそれをただひたすら写すだけ。']"
186,2021,経済学Ⅰ,武藤功,一般教養,文系,4.3,5.0,4.3,4.3,あり,"[0, 0, 0, 3]","[0, 0, 0]","[3, 0, 0, 0]","[2, 1, 0]","['授業さえきちんと受けて頭の片隅に入れておけばテストは言葉や概念の説明記述なので簡単に突破できるはずです', '毎週の授業を聞いていれば、理解はできる。授業最終回で出題範囲を教えてくれるので、それを必ず聞いて、ヤマをはること！毎年同じ問題らしいが、問題用紙まで回収されるので過去問はないと思った方が良い。めっちゃいい人。質問したら快く答えてくれる。やたらオンキャンパスで授業したがる。具体例も出してくれてわかりやすい。', '基本対面だが、対面ができない時期はパワポに音声が吹き込まれている形だった。倍速ができないので、少し時間がかかった。対面の場合レジュメない。自分でノートをとるしかないので、出欠がとられないといえど、出席すべき。']"
187,2021,経済学基礎Ⅰ,大東一郎,商学部,必修・選択必修,3.0,4.0,4.0,2.0,あり,"[1, 0, 0, 0]","[0, 1, 0]","[0, 1, 0, 0]","[0, 1, 0]",['エグ単と言われていましたが、クラスの子と集まってテストの日に1人3問くらいずつ担当したら普通にAとれたので友達がいれば全然大丈夫だと思います。']
188,2021,経済学基礎Ⅰ,権丈善一,商学部,必修・選択必修,4.0,4.0,3.0,3.0,あり,"[0, 1, 0, 0]","[1, 0, 0]","[1, 0, 0, 0]","[0, 0, 1]",['試験がむずい。']
189,2021,統計学Ⅰ,森井真広,法学部法律学科／法学部政治学科,その他／その他,4.0,4.3,4.0,4.0,あり,"[3, 0, 0, 0]","[1, 2, 0]","[0, 0, 3, 0]","[0, 3, 0]","['優しそうな先生です。時々，授業中にお子さんの声が聞こえてきたのが微笑ましかったです。課題管理はしっかりされています。', 'エクセルの使い方を学べるとても有意義な授業。真面目にやれば単位が取れるし、解説も丁寧で分かりやすいので、パソコンの扱いに自信がない人にもとてもおすすめできる。毎回の課題も、授業中にやったものの提出や授業内容の確認なので、大変ではない。', 'レポートのテーマは早めに決めた方が良い']"
190,2021,統計学Ⅰ,片山翔太,経済学部,必修・選択必修,5.0,4.0,4.0,4.0,あり,"[0, 1, 0, 0]","[0, 0, 1]","[0, 0, 1, 0]","[0, 1, 0]",['オンデマンド。動画は分かりやすい。６０分のオンライン小テストが２回と期末レポート。小テストがあまり良い点数ではなかったが、期末レポ普通にやったらS来た。']
191,2021,統計学Ⅰ,福原正大,経済学部,必修・選択必修,3.0,1.0,1.0,4.0,なし,"[1, 0, 0, 0]","[0, 0, 1]","[1, 0, 0, 0]","[0, 0, 1]",['毎週の課題がエグい、正直この教授に当たった人は前世で悪い行いをしたレベル。適当に４〜５人グループに割り当てられ、毎週グループ課題・個人課題・映像学習（授業とは別）・小テストがありとにかく毎週こなすだけでも大変。この２単位を取るだけでそこらの一般教養６単位分の労力を要する。また期末テストもエグい、最初の小問数個は簡単に解ける問題だが、その後いきなりクッソ長い説明文と共にある企業の広告の効果を検証する話になり、それを今まで培った知識を全て駆使し、８００字以内のレポートを試験時間内に作成するというものだ。ちなみに自分の周りに解けた人は誰もいない。ただ毎週の課題をきちんとこなして、期末テストも程々に爆死すれば評価Bはもらえる。評価Sを取るのは本当に大変だと思う。']
192,2021,統計学Ⅲ（２年）,大森貴秀,法学部法律学科／法学部政治学科,その他／その他,4.0,4.0,4.0,4.0,なし,"[1, 0, 0, 1]","[0, 0, 0]","[0, 0, 0, 1]","[0, 0, 0]",['毎週課題出すだけでS来ます。内容も面白いのでオススメ。']
193,2021,総合教育セミナーⅠ,朝妻恵里子,理工学部,その他,4.0,3.0,4.0,4.0,なし,"[1, 0, 0, 0]","[0, 0, 1]","[0, 0, 1, 0]","[0, 0, 1]",['試験は無し。ほぼ毎週レポートかプレゼン準備が課題として出る。オンライン授業と対面授業の併用。授業内容としては、前半は記号について学ぶ。記号についての本の一部を読んでプレゼンをするとか与えられたある記号についての考察をグループプレゼンしたり。後半は最終論文（期末レポートみたいな）の準備として、論文の書き方を学んだりお互いの論文の案を評価したり。課題について、レポートについては授業内で扱ったことに対して自分の考えを書く感じ。〆切は数日内だった。プレゼンがとにかくきつかった。記号についての本を読んで、本の内容やそれに対しての自分の考えをパワポ作成してプレゼン。本の内容が非常に難しかった。ぶっちゃけ記号についての付いた知識はほぼ無い。最終論文（期末レポ）については、先生が相談にしっかり乗ってくれる（メールでも個々に相談に乗ってくれる）点は非常に助かったが、3週間くらいの時間をかけて作成するのでクオリティが高いものが求められてた。論文のテーマ（自分で決める）によっては全然文献がないこともあったり、論文の内容を最後にプレゼンすることもしなきゃなので非常にきつい。意識が謎に高かった入学時の勢いで履修してエグ単でかなり苦しんだが、結果的には文章作成やプレゼンのスキルが向上して他の科目の課題にも生かせて、レポート書くのが前より楽になったので満足度は高い。成績評価は頑張ってれば高評価くれそうな印象。（2021年度の情報です）']
194,2021,線形代数,津垣正男,商学部,必修・選択必修,5.0,5.0,4.0,3.0,なし,"[1, 0, 0, 0]","[1, 0, 0]","[0, 1, 0, 0]","[0, 1, 0]",['毎回出席確認と問題演習あり。Zoomで最後まで残ってれば解法を教えてくれる。テストが2回あるが授業聞いていれば解ける。かなり楽。']
195,2021,線形代数,間庭正明,経済学部,必修・選択必修,4.0,4.0,2.0,3.0,なし,"[1, 0, 0, 0]","[0, 1, 0]","[1, 0, 0, 0]","[0, 1, 0]",['授業の後半で問題演習をして、できた人から帰れる制度。授業は短調だが板書は分かりやすい。期末テスト１本で成績が決まる上、試験の難易度もまあまあなので高評価取るのはやや大変そう。']
196,2021,美術Ⅰ,國本学史,一般教養,文系,4.7,5.0,4.3,4.3,あり,"[2, 0, 3, 0]","[3, 0, 0]","[0, 0, 3, 0]","[3, 0, 0]","['毎回のリアクションペーパーと中間レポート、期末レポートが出されます。授業見なくても書ける内容です。先生がとっても優しいです！！', '色についての授業で、ガイダンスと最終回以外全編オンデマンドでした。リアタイの2つも出席必須ではなく、後から見ればおkでした。毎回リアペがあったが、堅い内容ではなく、自分の考えをちゃんと書いて出せば大丈夫です。中間期末の2回レポートがあったが、そこでハイクオリティなものを出した人は高評価なのでは？聖人。授業内容以外でも、悩みがあったら相談してくださいと毎授業冒頭で言ってました。秋学期は開講してないため、もしこの講義が良かったなと思ったらぜひ学生さんから大学の方に言っていただけるとありがたいです、と言ってました。本当に良い授業、というか教授が神でした！気楽に取って大丈夫です！', '毎回のリアペと中間レポート、期末レポートがあったがどれも難しくなく誰でも興味を持って書くことが出来る課題で自分自身全く課題が苦ではない授業であった。また、先生の人間性がとても良い。']"
197,2021,美術Ⅰ,塩澤寛樹,一般教養,文系,3.0,4.0,3.0,3.0,あり,"[0, 0, 0, 1]","[0, 0, 0]","[0, 0, 1, 0]","[0, 1, 0]",['仏教美術。オンデマンド授業で、毎回レジュメとその解説音声が送られてくる。期末レポートは２つの課題で構成されていた。1つ目は、授業で扱ったトピックを2つ以上選んで内容を合計800字でまとめる。２つ目は、選んだトピック同士の関連する問題やテーマについて述べる。字数は1500とかだったはず。私が選んだトピックは最低限の2つだったが、本を2冊程読んでレジュメも踏まえつつ書いたらSがきた。仏教美術に興味がある人には是非おすすめしたい。']
198,2021,美術Ⅰ,樋口一貴,一般教養,文系,3.0,4.0,4.0,2.0,あり,"[0, 0, 1, 0]","[1, 0, 0]","[0, 0, 1, 0]","[0, 1, 0]",['内容は日本の中世や近世の美術史、主に絵画。レジュメが配られる。人や時代、作風ごとにさまざまな作品に触れる。授業はひたすら作品ごとに説明がなされるだけで退屈。出欠確認は無いが毎回リアクションペーパーがある。何回出してないとDになるとかは言っていなかったが、評価はリアクションペーパーとテストなので出していないと厳しいと思う。期末テストは記述３問。大体の問題内容は授業内で伝えられる。作品ごとの記述というよりは、時代の流れによる作風の変化や同じ作品分野の人による違いなどなので、単に単位を取得するだけなら授業を細かく聞いている必要は無くおおざっぱに把握していればOK。']
199,2021,美術Ⅰ,細野喜代,一般教養,文系,5.0,4.5,5.0,5.0,なし,"[0, 0, 1, 1]","[1, 0, 0]","[0, 0, 2, 0]","[1, 1, 0]","['先生のコメントが優しい', 'ボッティチェッリの『春』について解説する授業。土曜1限ズームという訳あり物件。穏やかで可愛らしい先生だなと思っていたら、あまりのリアタイの少なさにキレてズーム録画を唐突に全部削除したため受講者に衝撃が走った。期末レポートは2400字以下で、レジュメを見れば簡単に書けるし最低1200字で良いので非常に楽。先生がイタリアの思い出をたくさん語ってくださるので授業内容自体は非常に面白い。']"
200,2021,美術Ⅰ,荒木文果,一般教養,文系,4.0,4.0,4.2,4.1,なし,"[3, 0, 8, 0]","[1, 4, 3]","[0, 0, 8, 0]","[0, 5, 3]","['春学期は古代ギリシャ・ローマ〜新古典主義までやるが、ルネサンスは軽くしか触れず秋学期に飛ばされるため、ルネサンスを学びたい人は春学期は取らない方がいいと思う。先生はとても優しいが、リアペがキツすぎる。毎回授業の要約を400字以上でしなければならないし偶に絵画の鑑賞文を書く課題も出される。', '3つのレポート提出。授業は基礎的な美術史。評価が得やすい。', '授業は西洋美術史について。世界史選択で少し興味がある人にとってはなかなか楽しい授業。先生の人柄もかなり良く、レポートが期限内に出せなくても救済措置はある模様。期末レポートは3つあってキツいが、どれも短め。', '西洋美術史を一から学ぶオンデマンド授業です。先生が美術史が好きなのが伝わってきて、写真と共に語られる講義もなかなか面白いです。西洋建築も扱うので、建築好きな方も楽しめると思います。毎回の講義の後に、出席代わりのフィードバック（授業内容を400字程度でまとめるもの）を書かなければならないのですが、この類の課題を苦と感じる人は少し辛いかもしれません。期末までの課題レポートは計３つです。自由度は高いので、自分の興味ある分野を上手く扱って、内容を深く書けば、SかAは取れるはずです。', '期末レポートが1200字程度×3だった。これを出してないと単位はもらえない。毎週のリアペは400字程度のフィードバックと感想を書けというもの。だるく感じるが、授業がとても面白いので美術に興味があれば余裕。教授はとても優しい人で、何回かリアペを遅れて出したが、期末レポートをそれなりに書いたらAをくれた。オンラインであるにも関わらず、毎回、生徒のリアペをシェアしたりしてくれるので、みんなで授業を受けている感があり、楽しい。教授は、オンライン授業でも一切手を抜かず、むしろ対面より大変なこともやってくれる。たしか1000人くらい履修者がいたが、おそらくすべての生徒のリアペを読んでいて、面白い内容のものは授業で取り扱ってくれて、レポートにもフィードバックをくれる。', '授業内容は西洋美術について学んだ。美術が好きならおすすめ。レポート全部出せばA以上は来る', '先生が優しいし課題内容もつまらなくはないが、毎回のリアぺや3回の大きめのレポートが負担が大きいかも。ちゃんと何らかの文章を書いて出せば単位はくるし、努力すればちゃんと高成績も', '美術が好きな方には苦なく楽しめます。先生の授業スライドは見やすく、授業も非常にわかりやすいです。先生も優しい方で、一人一人にレポートのフィードバックや、リアペへのコメントをくださります。期末レポートはフィードバックをもとに再提出するのですが、それも確認してコメントをくださります。リアペは授業のまとめと感想を400字ずつと、予習が毎週課されます。期末レポートは3つに分けて出されます。2000字が2つと800字が1つだったと思います。美術が好きな方でなければ、相当な負担になるかもしれません。']"
201,2021,美術Ⅰ,金山弘昌,一般教養,文系,5.0,5.0,5.0,5.0,あり,"[1, 0, 0, 0]","[1, 0, 0]","[0, 0, 1, 0]","[1, 0, 0]",['出欠無オンデマンド、西洋建築史の授業。毎週音声が埋め込まれているタイプのパワポが配信される。ちゃんとメモを取っていたから消化に時間がかかったが、その分期末レポートはやりやすかった(聞き流してれば絶対すぐ終わる)。期末レポでは、提示された建築の分類を答えたり、その特徴を記述したりした。レジュメ見ながら書けること書きまくったらＳきた。小レポートなる課題が学期を通して3回くらいあったが、建築の分類を答えるみたいな一瞬で終わるやつだった。建築とか美術好きなら内容も楽しめると思う。楽単だった。']
202,2021,自然地理学Ⅰ,丹羽雄一,一般教養,文系,3.0,4.3,3.3,2.7,あり,"[2, 1, 0, 0]","[2, 0, 1]","[0, 0, 0, 3]","[0, 0, 0]","['今年はコロナで期末レポが無くなりました。通常だとあると思います。授業内容からのクイズが毎授業あり、それで評価されたようですが授業のパワポがダウンロード可能となっていて、それを見ながら解けば大丈夫です。', '毎回のクイズむずい、単位はくる。クイズだけだかららく。', '毎回の平常点で評価。授業を聞いていればSがくる']"
203,2021,芸術文化論Ⅰ,犬丸治／高橋悠介／津田眞弓,一般教養,文系,4.0,4.5,3.5,3.5,あり,"[1, 1, 1, 0]","[1, 1, 0]","[0, 0, 2, 0]","[0, 2, 0]","['歌舞伎や狂言をオンラインで見たりと、日本文化をしっかり学べる授業。ほぼ毎回ある小テストも4問くらいしかないので、負担もあまりない。普通に授業と小テスト、レポートをこなせば良い評価が来る。', '大学で行われた平家琵琶や義太夫節の講演を見て、感想を提出しました。オムニバス形式なので、その教授によって締切が異なる場合があったので注意が必要です。']"
204,2021,英語コミュニケーションⅠａ（準上級）,ポール・レイン,商学部,語学,2.0,4.0,2.0,2.0,なし,"[1, 0, 0, 0]","[0, 0, 1]","[0, 1, 0, 0]","[0, 1, 0]",['毎回の要約がめんどくさいです。グループワークで話さなければいけないのがわりときつい。課題を毎回出して欠席も0でBだったのであまり好きでは無いです。']
205,2021,英語コミュニケーションⅡａ（中級）,スティーブン・ボーム,商学部,語学,1.0,1.0,1.0,3.0,あり,"[0, 0, 0, 1]","[0, 0, 0]","[0, 0, 0, 1]","[0, 0, 0]",['この授業になってしまった人が本当に可哀想。僕は落としました。この授業は6割が発言、4割が最後のプレゼンで評価されます。発言しないと単位きません。30回くらいしないと単位取得は危ういのではないかと思います。']
206,2021,英語スピーキング１,神田裕子,理工学部,語学,5.0,5.0,5.0,4.0,なし,"[1, 0, 0, 0]","[0, 1, 0]","[0, 0, 0, 1]","[0, 0, 0]",['課題はほぼリスニングで、LMS上で答えるため10分くらいの時間制限がある。授業への参加や発言、課題、プレゼンテーションで評価がきまる。先生めっちゃ優しいからオススメ']
207,2021,英語リスニング２,杉山由希子,理工学部,語学,5.0,5.0,5.0,4.0,なし,"[0, 0, 1, 0]","[1, 0, 0]","[0, 0, 0, 1]","[0, 0, 0]",['中間・期末試験無し。課題無し（軽いリアぺのみ）。期末にオバマ大統領の演説をまねて話すっていうのがあった。これは発音が苦手でも頑張れば評価してくれた。はっきりいってめっちゃ楽単だった。予定では中間と期末の時期に小テスト、加えて期末には暗唱だったけど、コロナの影響でオンライン授業になって予定が変わりまくって、出席点が成績のほとんどになった気がする。普段はニュースを題材としたテキストで授業を進める。たまに少し難しいのがあるけど、普通に授業は面白かった。強制的な予習復習はない。テキストで題材にされていた映画を2週に渡って視聴するだけで授業が終わりとか、みんながオンライン授業を希望したらオンライン授業を続行させてくれたりとか、先生が優しかった。']
208,2021,英語リーディングⅠａ（上級）,アダム・Ｊ・ライオンズ,商学部,語学,3.0,5.0,5.0,3.0,あり,"[1, 0, 0, 0]","[0, 0, 1]","[0, 0, 1, 0]","[0, 0, 1]",['毎週宗教関連の英語の本を10ページ以上読んで5，6個の質問に答えなければいけない。きつい。']
209,2021,英語リーディングⅠａ（準上級）,中津川みゆき,商学部,語学,2.0,3.0,2.0,2.0,なし,"[1, 0, 0, 0]","[0, 1, 0]","[0, 1, 0, 0]","[0, 0, 1]",['毎回課題があり、出欠もあります。グループワークは楽ですがメンバーによってかなり変わると思います。欠席0課題未提出0でもBだったので高評価を狙いたい場合は授業中での発言をすることが重要です。']
210,2021,英語第Ⅰ,有光道生,法学部法律学科,語学,4.0,4.0,5.0,5.0,あり,"[0, 1, 0, 0]","[0, 1, 0]","[0, 0, 1, 0]","[0, 0, 1]",['試験はなく、レポートの代わりとなる課題が最後に出される。課題は少しきつい。授業後の小テストのようなものを毎週忘れずに出して、課題もきちんとやればSはくる。']
211,2021,英語第Ⅱ−レベル２,中垣恒太郎,法学部法律学科／法学部政治学科,語学／語学,5.0,5.0,4.0,4.0,なし,"[1, 0, 0, 0]","[0, 1, 0]","[0, 0, 1, 0]","[0, 0, 1]",['とにかく先生がいい方。毎回の課題(英語苦手な人にはちょっときつい)をちゃんと出しておけば単位は貰える。']
212,2021,英語第Ⅱ−レベル２,安藤和弘,法学部法律学科／法学部政治学科,語学／語学,3.0,3.0,3.0,3.0,あり,"[1, 0, 0, 0]","[0, 0, 1]","[0, 0, 0, 1]","[0, 0, 0]",['1年間1冊の小説を扱う。毎回指定されたパートを読みその一部を翻訳する。レポートに毎回4~5時間はかかるので割と大変。授業日は履修者から匿名で6人(たぶん順番)レジュメ集に載せられて、そこから学んだことを授業掲示板に書く。']
213,2021,英語第Ⅱ−レベル２,小杉弥生,法学部法律学科／法学部政治学科,語学／語学,2.0,4.0,4.0,2.0,なし,"[1, 0, 0, 0]","[0, 0, 1]","[0, 1, 0, 0]","[1, 0, 0]",[]
214,2021,英語第Ⅲ,叶澤恵,法学部法律学科／法学部政治学科,語学／語学,4.0,5.0,5.0,3.0,なし,"[0, 1, 0, 0]","[0, 0, 1]","[0, 1, 0, 0]","[0, 1, 0]",['TOEICの授業といいながら、スピーキングもやらされる。単語テストも多いので総じて負担は大きいが、先生が優しいのでなんとか許せる。']
215,2021,英語第Ⅲ,平賀優子,法学部法律学科／法学部政治学科,語学／語学,4.0,5.0,5.0,5.0,なし,"[0, 0, 0, 1]","[0, 0, 0]","[1, 0, 0, 0]","[0, 1, 0]",['音声学に基づいた発音の授業。先生は少し厳しめだが、発音の力は確実に上がったと思う。']
216,2021,英語第Ⅲ,沼田香穂里,法学部法律学科／法学部政治学科,語学／語学,5.0,5.0,5.0,4.0,あり,"[1, 0, 0, 0]","[1, 0, 0]","[0, 0, 1, 0]","[1, 0, 0]",['英作文の授業。毎週数ページのワード文書が送られてくる。毎週の課題は150wordsのエッセイの提出。期末レポートは300wordsのエッセイ。ライティングが苦手な生徒にはおすすめの授業、というか英語第Ⅲの中ではかなりおすすめの授業。とにかく負担がない。教授も毎週エッセイのコツをpdf2~3枚にして送ってくれる。高評価もとりやすい印象。']
217,2021,英語（Ｓｔｕｄｙ　Ｓｋｉｌｌｓ）,迫桂,経済学部,語学,3.0,3.0,2.0,2.0,なし,"[1, 0, 0, 0]","[0, 1, 0]","[0, 0, 0, 1]","[0, 0, 0]",['様々な形式で課題を出してくる。英語での要約やプレゼンテーション、英作文など。きちんと提出をしないと普通に評価Dをもらうことになる。また最後のファイナルエッセイでも細かいルールが設けてあり、なにかと面倒な印象。ただ意欲のある人にはちゃんと実力を身につけられる教授でもある。']
218,2021,英語（Ｓｔｕｄｙ　Ｓｋｉｌｌｓ）,鎌田由美子,経済学部,語学,4.0,5.0,5.0,3.0,なし,"[1, 0, 0, 0]","[1, 0, 0]","[0, 0, 1, 0]","[0, 1, 0]",['先生普通に優しい（稀に不機嫌なことも）。ビデオ付けなくて良い。スタスキのカリキュラム自体あまり良くない気がするので、授業の面白さは致し方ないのかもしれない。']
219,2021,英語１,倉光紀子,理工学部,語学,5.0,5.0,5.0,3.0,なし,"[1, 0, 0, 0]","[1, 0, 0]","[1, 0, 0, 0]","[1, 0, 0]",['先生がとても優しくテストもかなり簡単でした。']
220,2021,英語１,倉科真季,理工学部,語学,4.0,5.0,4.0,3.0,なし,"[1, 0, 0, 0]","[0, 1, 0]","[0, 0, 1, 0]","[0, 1, 0]",['readingとlisteningを隔週で実施。リアルタイム授業（最初の方は対面）でreadingを行うが、listeningはテキストを自分でやって提出してで終わり。（要は提出だけで授業は無し。）この英語は中級という事もあって、テキストの難易度も易しい。readingの授業の前に予習を行って提出、本文の内容に対しての問題を授業でやってグループで話し合って解説を先生がして終わりって感じ。グループで話し合って答えをまとめるんですが、まとめる人はちょっとだるいけど残りの人はめちゃ楽。期末レポは〆切が7月いっぱい、題材もほとんど調べることなく書けるエッセイで語数も少なめで楽。リアルタイム授業で遅れて参加した人に対しても一から説明する位めちゃくちゃ優しい先生。基本的にめちゃくちゃ優しい。単位は簡単に取れるし高評価も取りやすいと思うけど、内容が簡単だから（speakingとかもないし）英語力は入学時より確実に下がった。']
221,2021,英語１,沼尾恵,理工学部,語学,3.0,3.0,4.0,1.0,なし,"[0, 0, 0, 1]","[0, 0, 0]","[0, 0, 1, 0]","[0, 1, 0]",[]
222,2021,英語１,石田裕子,理工学部,語学,3.0,4.0,3.0,3.0,なし,"[1, 0, 0, 0]","[0, 0, 1]","[0, 0, 0, 1]","[0, 0, 0]",['課題の量おおめ、自主課題といつもの課題を丁寧にやったらSとれるかも']
223,2021,英語１,鷲直仁,理工学部,語学,5.0,5.0,5.0,4.0,なし,"[0, 0, 0, 1]","[0, 0, 0]","[1, 0, 0, 0]","[1, 0, 0]",['神授業です。とても良い先生です。テストは暗記ゲーです。ちょっとやれば普通に満点取れます']
224,2021,行政学Ⅰ,大山耕輔,法学部政治学科,その他,3.0,4.0,4.0,3.0,あり,"[0, 0, 1, 0]","[1, 0, 0]","[1, 0, 0, 0]","[0, 1, 0]",['授業の重要なポイントがよくわかりませんでした。テストは単位が危ういと思うほどできなかったと思うのですが、Aが来ました。成績評価は優しいと思います。']
225,2021,行政法,青木淳一,法学部政治学科,必修・選択必修,4.0,4.0,4.0,4.0,あり,"[0, 1, 0, 0]","[1, 0, 0]","[1, 0, 0, 0]","[1, 0, 0]",['持ち込み可の試験でした。授業を真面目に受けて、少し復習しておけば、全て覚える必要は全くないので、負担の軽い試験だと思います。レジュメが綺麗で見やすかったです。']
226,2021,表象文化論Ⅰ,岡田尚文／杉原賢彦／福田桃子,一般教養,文系,3.3,4.0,2.3,3.0,あり,"[1, 0, 3, 0]","[2, 1, 0]","[0, 0, 3, 0]","[1, 2, 0]","['楽しかった。指定の映画観なくても授業は楽しい。', '杉原教授は自分と違う意見を述べる生徒を晒しあげて人格を否定するようなことを平気で仰る方です。毎授業の前半で受講者のリアクションを紹介する時間があるのですが、そこでは杉原教授自身を賞賛するコメントばかりを取り上げます。正直、何を見せられているんだという感覚でしたし、とてもいい気分にはなれない授業でした。三田でも授業を持たれているそうですが、この方の授業だけは今後一切受講することはありません。大学、ましてや慶應義塾大学での学習は生徒や教員が意見をぶつけ合い、昇華していくものだと思い期待していただけにショックでした。', '毎回の授業はすごく楽です。内容も興味がありさえすれば面白いと思います。ただ、その分レポートはかなりしっかり書かないと高評価はこないとおもいます。私は字数は割と書いたつもりでしたが中身がなかったのでBでした。']"
227,2021,複合領域の理工学入門,ホルヘ・アルマザン・カバジェーロ／大村亮／柿沼康弘／桂誠一郎／須藤亮／高橋正樹／ダニエル・チッテリオ／寺川光洋／中西美和／舟橋啓／牧英之／三木則尚／満倉靖恵,理工学部,その他,4.7,4.3,5.0,4.7,あり,"[1, 0, 2, 0]","[0, 3, 0]","[0, 0, 0, 3]","[0, 0, 0]","['毎回のリアペが意外と大変', '授業によってちょっと書きにくいレポートもあったけど、普通にやっていればSくるとおもいます。実際私も内容がそんなに中身濃いわけでもなかったけどSきました。', '楽単だと思いますが、課題が面倒な時もあるので課題をやるのが嫌な人は取らない方がいいです。一方、課題を真面目に取り組める人には良い授業だと思います。毎回の授業でA41枚しっかり書けばSが来ます。授業内容については、先生にもよりますが興味深くかなりおすすめです。']"
228,2021,西洋外交史Ⅰ（２年）,細谷雄一,法学部政治学科,その他,4.0,4.0,3.0,4.0,あり,"[0, 0, 0, 1]","[0, 0, 0]","[1, 0, 0, 0]","[0, 0, 1]",['試験一発勝負で、出席点などはありません。やる気がないのにただ出席するだけというのをなくしたいからだそうです。実際授業は面白く現代の国際情勢の分析にも生かすことができる内容でした。ただ成績の付け方は少し謎でした。自信がなかった人がSで自信があった人がDだったりしました。2問論述の試験で勉強は大変です。']
229,2021,西洋建築史,ホルヘ・アルマザン・カバジェーロ／和田菜穂子,理工学部,その他,3.5,3.5,3.0,4.5,なし,"[2, 1, 0, 0]","[0, 1, 1]","[0, 0, 1, 1]","[0, 0, 1]","['プレゼン準備はしっかり本を借りて時間かけてやった方が良い。実際に教授が行った歴史的建築物に触れてくれるのでやたらと話が詳しいが、単位をとるだけなら聞く必要はほぼない。', '西洋建築史を古代から現代まで学ぶオンデマンド授業です。講義自体では、多くの建築物とその時代の特徴的な構造を学びます。課題として、２つのプレゼンテーション（グループプレゼンと個人プレゼン）をZoom等を利用して録画し提出します。多くの書籍を参考にしてプレゼンテーションの正確性を上げると、評価は高くなるように感じました。プレゼンが好きな方には、もってこいの授業だと思います。']"
230,2021,言語学Ⅰ,北原久嗣,一般教養／諸研究所,文系／GICセンター,5.0,5.0,5.0,4.0,なし,"[1, 0, 0, 0]","[1, 0, 0]","[0, 0, 0, 1]","[0, 0, 0]",['毎回課題プリントを提出するだけ。期末テストもなしです。課題プリントは答えも一緒に配布されるので丸写しするだけで満点とれるし、毎回提出すればSきます。神単です。']
231,2021,言語学Ⅰ,平沢慎也,一般教養,文系,4.4,4.6,3.9,4.4,あり,"[0, 9, 0, 0]","[2, 6, 1]","[0, 9, 0, 0]","[2, 7, 0]","['小テスト受けていれば落としはしない', '小テストでしっかり点数を取れば期末テストは受けなくても大丈夫。小テストは、リアぺだけでは解けないようになっている。また、毎週、決まった時間に10分で小テストを受けないといけないのは少し大変だった。', 'ちゃんと授業を聞いて、小テスト前にちょっと先週の授業の振り替えをして、というのを繰り返せば小テストの点は取れます。（小テストの点数は成績に直結します）ただ、適当にやってると普通に難しいテストなので点数を取るのは難しいです。コツコツやっていけば確実にSがとれる科目ですし授業内容も興味深いです、', '授業をきちんと聞いていても、テストは難しかった。', '授業をしっかり聞いていないと点数が取れない', '授業は興味深い。必ず小テストは受ける。正直、授業を受けたらテストで満点を取れるわけではなく、地頭で考える問題が出題され、難しかった。大学で面白い授業を受けて、頭で色々考えたいひと向け。', '全てオンデマンド形式の授業。毎回の授業で決まった時間にオンライン小テストがあり、これの難易度が毎回ばらつきがある。本当に難しい時は一才わからない。成績はこの小テストと、小テストと同形式の期末テスト(問題数が増えるだけ)のふたつから機械的に算出される。単位は取れるが、Sを狙うのは難しい。', 'テストで点数が取れる人にとっては簡単にSがとれる。正直点数が取れない人は大変かもしれない。ただテストはオンラインだし協力によっては単位取得は簡単。内容は面白いし先生は優しい。', '毎回小テスト(3問で10点満点)があった。ただ授業を受けるだけじゃ点は取れない。復習をして授業内容を十分に理解しておく必要がある。']"
232,2021,言語学Ⅲ,辻幸夫,一般教養,文系,3.0,5.0,1.0,2.0,あり,"[1, 0, 0, 0]","[0, 0, 1]","[0, 0, 0, 1]","[0, 0, 0]",['リアタイ授業。大抵1時間程度で早めに終わる。出欠は取らない。3週授業→4週目は授業なしでレポート、の流れを繰り返す。合計3回のレポートで成績評価。必須の教科書は3600円。授業は見ておくとレポートを書くときの参考になるらしい。大仏並みに優しい先生なのだが、授業は少しだけ退屈なので眠気に頑張って抗おう。噂では超楽単と聞くが、レポートが信じられないくらい難しい。1回目は気合で乗り切ったが2回目は教科書だけじゃ手も足も出なかった。全く意味の分からないテーマにも臆せず2〜3000字論じられるガッツのある人にオススメ。出席ゼロ、レポート提出1回でCが来ました。']
233,2021,言語認識論,小原京子,一般教養,文系,4.6,5.0,4.8,3.8,あり,"[3, 0, 4, 0]","[1, 4, 0]","[0, 0, 0, 5]","[0, 0, 0]","['「ことば」という身近な話題なのでとっつきやすいと思います。こういう角度から考えるんだ、と興味深く思える内容が多かったです。オンデマンドで、動画は1時間半しっかりありますが2倍速でも理解できる内容ですし、最初の45分くらいは前回の復習や感想のまとめなのであまり聞かなくて良い。教科書買ってしまいましたが丁寧に説明してくれるのでいらなかったなぁ。毎回感想を書きますが5文までの短いものですし、負担には感じませんでした。さらに出し忘れの救済措置として毎週任意の加点課題が出るので、気力があるときにやっておくと安心。期末に大きい課題が一つあるのではなくミニレポート3回というのも嬉しい。私は出し忘れ無しで加点課題を2、3回やった程度でSを頂けました。感想の内容も大したものではなかったと思いますが、教授がほんとに優しい。感想にコメントまでつけてくれます。話し方も優しい。顔も優しい。おすすめです。', '楽単！', '評価はリアぺと計3回のミニレポートのみのため楽だと思う。内容は言語のフレームや構造など抽象的なため、全く興味のない人にはやや退屈に感じられるかもしれない。教授は優しい方で毎回コメント返しをしてくれた。', '小レポート3回と毎回のリアペ500字以内で提出でした。毎回加点レポートがありそれら含め全て提出したらSきました。正直あんまり内容は好みじゃなかったのでレポートは適当に授業のパワポ見ながら書いただけです、自分でも何書いたかよく覚えていません', 'ことばの知識と社会の慣習や経験との繋がりについて詳しく学べる授業でした。通常のリアクションペーパーに加えて任意の演習課題も提出すれば高評価は取りやすいと思います。']"
234,2021,計量経済学Ⅰ,藪友良,商学部,必修・選択必修,4.0,5.0,5.0,2.0,あり,"[1, 0, 0, 0]","[0, 0, 1]","[0, 0, 0, 1]","[0, 0, 0]",['課題のみ。単なるコピペ作業でSがくる。']
235,2021,論理学Ⅰ,佐々木昭則,一般教養,文系,4.2,4.2,4.7,3.8,あり,"[6, 2, 0, 0]","[3, 1, 2]","[6, 0, 0, 0]","[5, 1, 0]","['課題は調べればやり方などが出てくるので満点を取れる。期末は対面でペーパーテストだったが、配布されたレジュメを見ておけば簡単だった。ある程度勉強しないと低評価になるかもしれない', '数学できないと厳しい', '高校数学の、数と式で、かつとまたはや対偶の考え方がわかっていれば、レジュメを読めばできる。何週かに一回宿題がでるので、授業をためずにコツコツやり、宿題をだしていれば期末試験は簡単に感じる。やってないと、高校までの知識の貯金では全くできないのできつい。たしか100点中90点以上でSとして評価されるが、満点が100点を超える設定だし、宿題の点数配分が高いので宿題を毎回だしてれば単位は必ず来る。', '楽単すぎてビビる。テスト多少間違えてもSが来る。', 'めっちゃ簡単なテストなのに対面でやるからめんどくさかった', '内容は、記号を用いて命題の真偽を証明していく、といった感じで、パズルのようで面白かったです。課題（これも難しいものではありません）をちゃんとやっていれば、期末試験も簡単になります。期末試験の問題数はとても少なく、ほとんどの生徒が、試験時間30分程余るくらいです。']"
236,2021,論理学Ⅰ,秋吉亮太,一般教養,文系,4.2,4.5,4.2,4.0,あり,"[3, 1, 2, 8]","[3, 2, 0]","[0, 0, 13, 0]","[3, 10, 0]","['好きな人には好きな授業だし、100%理解できなくても単位は確実にくる。', '様々な教科に繋がる論理学を学べる。期末レポートをしっかり解いて出せば、まずSが来る。友達と協力してもOK授業自体も面白いので、聞けるだけ聞いて飽きたらレポートだけやるのもあり', '理系にとっては面白い。文系は数学とかが苦手な人はきついかも。', '文字を使ったパズルのような感じ。リアペと、期末課題の提出。期末課題を正解すること。優しい。早稲田も教えているようだが、毎回のリアペに全て返信をくれた上、質問にもわかりやすく答えてくれる。楽単に部類される。期末課題を出し忘れなければ単位は来る。', '普通にちょろい授業かなと。教授はとてもいい人です。', '授業にハマれば面白いのだろうがハマらなかったら期末レポートがかなりキツい。先輩から楽単と聞いて履修したが大変だった', '学ぶ分量が少なく短時間で単位取得可能', '今学期はビデオ配信のみ、見なくても配られたテキストで解ける程度の問題を解いたものをオンラインで提出でした。取ってる人たくさんいるのでわからない問題は教えあって何とかなりました。楽単です。', '記号を使いながら文章を論理的に導いていく授業なので、そういった類のものが苦手な人には難しい授業かもしれない。しかし授業内容は簡潔でわかりやすく、単位も取得しやすい。', '期末レポートさえ出せば単位は来る。自分は全問正解だったので見ていない授業もあったのにSだった', 'オンデマンド方式。講義は予め配信された講義用と演習用のスライドを使って受講する。講義内で指示された通りに演習問題を解いていれば単位貰うぐらいの点はテストで取れる。応用問題はちょっと難しいので、講義内で指示されなかった演習問題も解いておくべき。質問には丁寧に回答して頂いた。授業も分かりやすかったと思う。雑談とかはないのでそういった意味では硬派な講義と言えるかもしれない。講義をちゃんと聴いていれば単位が取れるようになっており、また数学がある程度得意であれば十分Sを狙える。楽単とまでは言わないが、受けて損は無いと思う。', 'A→B、B→C、よってA→Cのような証明の応用みたいな感じでした。覚えることも少ないです。授業を受け、練習問題が解けるようになれば単位は取れると思います。期末レポート一発勝負なので、授業を理解してミスをしないことだと思います。普通にやれば単位は取れると思うけど、Sをとるには難しい問題も解けるように練習する必要があると思います。', '2021春において最高級に楽な授業だった。秋は対面試験の噂もあるので、よく考えてほしい。']"
237,2021,身体文化論,稲田奈緒美,一般教養,文系,3.0,4.0,3.0,3.0,なし,"[0, 0, 1, 0]","[0, 0, 1]","[0, 0, 1, 0]","[0, 1, 0]",['期末レポートは抽象的なお題であったが、自分の好きな事例をあげて述べていいのでダンスやバレエに興味がある方は書きやすいのではないかと思います。リアクションペーパーが3回分の授業につき1回くらいのペースであった。内容はとても難しい訳ではないが残りの授業時間と次の授業時間までに書き終わらなくてはいけないので私はきつかった。']
238,2021,近代思想史Ⅰ,勝又章夫,一般教養,文系,3.0,2.0,2.0,4.0,あり,"[0, 0, 0, 1]","[0, 0, 0]","[0, 0, 1, 0]","[0, 0, 1]",['前半は民族はどのように形成されたか、後半はチェコナショナリズムについて。毎回30分程度の動画が送られます。自分は毎回3時間弱かけて教授が話した内容ほぼ全てメモしましたが、毎回メモする必要もなかったようで、期末レポートは春学期後半の内容を要約するものでした。高評価が欲しければとにかく脳死でディクテーションしましょう。彼はひたすら原稿を読みます。滑舌も良いとは言えませんが、回を重ねるごとに編集技術が上がります。教授が可愛く感じます。自分は民族形成について興味があったので受講し続けられましたが、それでも半ばヤケクソでした。一緒に受けた友達は途中で諦めました。逆に言えば大学教授らしい教授です。オンライン授業を受ける単調な日々の中で自分は大学生だと実感することができる貴重な時間でした。こんな授業もアリだな…と思える人は受けてみてはどうでしょうか。']
239,2021,近代思想史Ⅰ,定森亮,一般教養,文系,5.0,5.0,5.0,4.0,あり,"[1, 0, 0, 0]","[0, 1, 0]","[0, 0, 1, 0]","[0, 1, 0]",['高評価が得やすい。内容も噛み砕かれてて面白い。']
240,2021,近代思想史Ⅰ,川添美央子,一般教養,文系,3.8,4.0,3.2,3.8,なし,"[3, 0, 1, 0]","[2, 2, 0]","[0, 0, 4, 0]","[0, 2, 2]","['川添先生の近代思想史は2つあるが、政治思想史の方。（もう一つはキリスト教史）３回に１回位出される軽めの課題を期限通りに提出し、期末レポートもきちんと出すこと。期限遅れに厳しい。遅れ1日ごとに減点されて行くので、期限は守る。相対評価主義。厳しいけど優しい方、人の心がないわけじゃない。福山雅治が好き？内容は難しい。高校で倫政を取ってなかった自分にとっては尚更難しかった。思想はこれといった模範解答があるわけではないので、がむしゃらに努力してもできないときはできない。ただ期限をきちんと守りさえすれば単位は来るはず。', 'キリスト教の内容を学ぶ、講義をしっかり聞いて課題に取り組めば高評価は取れる', '春学期はカトリックの歴史についての授業。オンデマンドでレジュメと音声のみの動画。レジュメだけの内容ではリアぺも期末レポも厳しいです。ただ動画は学期終わりまで残ってました。リアペは授業3回のうち1回くらいでした。ですが提出の必要がある授業の前の回、前々の回の内容を含むリアぺもありました。大体200字程度で難しいものではないです。期末レポは二つ質問が出て授業の内容に沿って合わせて2400字以上。', '春学期に受講しました。春学期はカトリックを扱います。カトリックの思想は抽象的ですが、先生は具体例をあげて説明してくださり、非常にわかりやすかったです。スライドもまとまっていて見やすかったです。また先生の声がとても心地よく、すっと耳に入ってきました。学期中に計5回、400字のミニレポがあります。授業を聞いていれば書けると思います。期末レポートは、正確な字数は忘れてしまいましたが、2000-4000字ほどでした。私の周囲では、全授業をしっかり受講していても、期末レポートが難しいと苦戦する方が多かったです。成績評価は相対評価です。ミニレポ(全5回):期末レポート＝1:1でつけます。詳しくは初回の授業で説明されます。']"
241,2021,造形・デザイン論,宮崎匠,一般教養,文系,3.0,5.0,3.0,1.0,あり,"[0, 0, 1, 0]","[1, 0, 0]","[0, 0, 1, 0]","[0, 1, 0]",['楽単だけど授業超つまらん。成績は期末レポートでつけてて、リアペは頑張っても特に意味ない、出してれば大丈夫。リアペは毎週あって、期限は2週間。楽だが、授業内容がもうほんとにつまらないからリアペもレポートも面倒くさくなる。教授はまず喋り方が眠すぎる。抑揚を一切感じない。']
242,2021,障害者雇用の現状と将来,中島隆信,一般教養,文系,4.5,5.0,4.5,4.5,なし,"[1, 0, 1, 0]","[1, 1, 0]","[0, 0, 0, 2]","[0, 0, 0]","['毎回色々な企業の障害者雇用の制度を聞く授業。興味がある人にとっては面白い。質問すると加点される。興味ない人にとっては少し苦痛かもしれない。', '企業の方をゲストに招いて講義を受ける形式。オンデマンド&zoomの形式。リアペは授業日の23:59までに提出。リアペ3~4回出しそびれたが、次回のリアペに出し忘れた分を謝罪とともに貼ったらAが来た。授業中に質問すると加点される。']"
243,2021,音楽Ⅰ,岡田安樹浩,一般教養,文系,3.0,4.0,3.0,2.0,なし,"[1, 0, 0, 0]","[0, 0, 1]","[0, 0, 1, 0]","[0, 1, 0]",['クラシックの作曲家1人を毎回取り上げ、その人の生い立ちや楽曲について学ぶ授業です。クラシック音楽に親しんだことがある人は楽しいと思います。boxの閲覧履歴があり、4回に1回の小レポートと期末課題の条件を満たし提出していれば単位は取れるのではと思います。小レポートでは、授業で扱った楽曲について書かされる(レポート内容は後出し)ので、授業では細かい情報もメモする必要があります。私は友人とノートの写真を撮ったりして情報交換をしていました。boxの閲覧履歴を見ていると公言していたので、授業から1週間以内に授業動画を見ましょう。個人的には、レポートの内容が難しかったです。大体、「①AとBの交響曲の違いを挙げた上で、②AとBそれぞれ特徴的だなと思った部分をそれぞれ800字で書いてください」といった内容でしたが、私個人としては①も②の違いが分からず同じようなことしか書けませんでした。また、いくらクラシックに興味があったとしても相当なオタクじゃないと、②の聞いて特徴的だなと思う点は挙げ辛いと思いました。']
244,2021,音楽Ⅰ,木内麻理子,一般教養,文系,3.5,4.5,3.5,2.5,あり,"[2, 1, 0, 0]","[1, 1, 0]","[0, 2, 0, 0]","[1, 1, 0]","['オンラインテストではスライドをスクショしていれば特に困ることはなかった。自分は2回目の小レポートを出し忘れたが、Cが来た。', '鍵盤楽器の歴史（フランス音楽ではない方）。授業のスライドをメモると良い。ピアノやオルガンを弾く自分でも興味が持てない部分があったが、概ね面白かった。関心がある人にのみお勧めする。']"
245,2021,音楽Ⅰ,石井明,一般教養,文系,2.0,2.0,2.0,2.0,あり,"[0, 0, 0, 1]","[0, 0, 0]","[1, 0, 0, 0]","[0, 0, 1]",['ただ授業を聞くだけだとテストは全く解けないです。17世紀くらいの特有の楽器についていろんな曲を覚える必要があります。テストは曲のとある部分が流れて、曲名と作曲家を答えたり、曲や楽器の意義についてB5半分〜1枚くらいの記述式テストです。本当に音楽という教科にに興味がないときついです。']
246,2021,音楽Ⅰ,福中冬子,一般教養,文系,3.5,4.0,3.5,3.0,なし,リアクションペーパー,楽,ペーパーテスト,普通,"['出欠無オンデマンド、課題ゼロ、期末テスト(オンライン)一発だった。授業は、オペラ作品の動画を見たりしながらオペラ史を追っていく感じだった。毎週zoomが開かれるが強制参加ではなく、録画を見れば良いから実質オンデマンド。毎回情報量が多かったから重めだった。でも課題はないし、レジュメ見ながら期末テスト(選択肢あり)を提出したらAきた。教授は良い人そう。猫を飼っているらしく、授業音声によく猫の声が入っていて癒された。', '西洋音楽についての授業。出欠確認があり、欠席が４回(もっと多かったかも)以上だとD。授業内容を完全に理解するには音楽の知識がないと難しい。ただし、音楽の知識はあった方がいいが、無くても単位取得には全く問題ない。テストはマークシート形式。単位取得は簡単だが高評価はは取りにくい授業。']"
